file,section,line,denominator,item,category,conditional,if_cond,if_expr,callback
"第一大陆爆率.txt","通用","3","1","元宝[5]","好爆","0","0","",""
"第一大陆爆率.txt","通用","4","5","元宝[10]","好爆","0","0","",""
"第一大陆爆率.txt","通用","6","10","金币(小)","好爆","0","0","",""
"第一大陆爆率.txt","通用","8","6","好感度道具","好爆","0","0","",""
"第一大陆爆率.txt","通用小怪","52","1","10W经验卷","好爆","0","0","",""
"第一大陆爆率.txt","通用小怪","53","1","50W经验卷","好爆","0","0","",""
"第一大陆爆率.txt","通用小怪","54","1","100W经验卷","好爆","0","0","",""
"第一大陆爆率.txt","通用小怪","58","288","女儿红","一般","0","0","",""
"第一大陆爆率.txt","通用小怪","59","288","莲花白","一般","0","0","",""
"第一大陆爆率.txt","通用小怪","60","68","竹叶青","好爆","0","0","",""
"第一大陆爆率.txt","通用小怪","61","68","百花酿","好爆","0","0","",""
"第一大陆爆率.txt","通用小怪","62","68","八仙醉","好爆","0","0","",""
"第一大陆爆率.txt","通用小怪","64","15","辰星战甲","好爆","0","0","",""
"第一大陆爆率.txt","通用小怪","65","15","辰星战刃","好爆","0","0","",""
"第一大陆爆率.txt","通用小怪","66","5","辰星战戒","好爆","0","0","",""
"第一大陆爆率.txt","通用小怪","67","5","辰星战镯","好爆","0","0","",""
"第一大陆爆率.txt","通用小怪","68","5","辰星战链","好爆","0","0","",""
"第一大陆爆率.txt","通用小怪","69","5","辰星战盔","好爆","0","0","",""
"第一大陆爆率.txt","通用小怪","71","15","辰星战甲","好爆","0","0","",""
"第一大陆爆率.txt","通用小怪","72","15","辰星战刃","好爆","0","0","",""
"第一大陆爆率.txt","通用小怪","73","5","辰星战戒","好爆","0","0","",""
"第一大陆爆率.txt","通用小怪","74","5","辰星战镯","好爆","0","0","",""
"第一大陆爆率.txt","通用小怪","75","5","辰星战链","好爆","0","0","",""
"第一大陆爆率.txt","通用小怪","76","5","辰星战盔","好爆","0","0","",""
"第一大陆爆率.txt","通用小怪","79","28","古月战狂甲","好爆","0","0","",""
"第一大陆爆率.txt","通用小怪","80","28","古月彻地斩","好爆","0","0","",""
"第一大陆爆率.txt","通用小怪","81","11","古月战狂戒","好爆","0","0","",""
"第一大陆爆率.txt","通用小怪","82","11","古月战狂镯","好爆","0","0","",""
"第一大陆爆率.txt","通用小怪","83","11","古月战狂链","好爆","0","0","",""
"第一大陆爆率.txt","通用小怪","84","11","古月战狂盔","好爆","0","0","",""
"第一大陆爆率.txt","通用小怪","87","28","古月战狂甲","好爆","0","0","",""
"第一大陆爆率.txt","通用小怪","88","28","古月彻地斩","好爆","0","0","",""
"第一大陆爆率.txt","通用小怪","89","11","古月战狂戒","好爆","0","0","",""
"第一大陆爆率.txt","通用小怪","90","11","古月战狂镯","好爆","0","0","",""
"第一大陆爆率.txt","通用小怪","91","11","古月战狂链","好爆","0","0","",""
"第一大陆爆率.txt","通用小怪","92","11","古月战狂盔","好爆","0","0","",""
"第一大陆爆率.txt","通用小怪","94","38","青天战幻甲","好爆","0","0","",""
"第一大陆爆率.txt","通用小怪","95","38","青天怒斩","好爆","0","0","",""
"第一大陆爆率.txt","通用小怪","96","18","青天战幻戒","好爆","0","0","",""
"第一大陆爆率.txt","通用小怪","97","18","青天战幻镯","好爆","0","0","",""
"第一大陆爆率.txt","通用小怪","98","18","青天战幻链","好爆","0","0","",""
"第一大陆爆率.txt","通用小怪","99","18","青天战幻盔","好爆","0","0","",""
"第一大陆爆率.txt","通用小怪","101","38","青天战幻甲","好爆","0","0","",""
"第一大陆爆率.txt","通用小怪","102","38","青天怒斩","好爆","0","0","",""
"第一大陆爆率.txt","通用小怪","103","18","青天战幻戒","好爆","0","0","",""
"第一大陆爆率.txt","通用小怪","104","18","青天战幻镯","好爆","0","0","",""
"第一大陆爆率.txt","通用小怪","105","18","青天战幻链","好爆","0","0","",""
"第一大陆爆率.txt","通用小怪","106","18","青天战幻盔","好爆","0","0","",""
"第一大陆爆率.txt","通用小怪","108","55","凌风战影甲","好爆","0","0","",""
"第一大陆爆率.txt","通用小怪","109","55","凌风七色刃","好爆","0","0","",""
"第一大陆爆率.txt","通用小怪","110","25","凌风战虎戒","好爆","0","0","",""
"第一大陆爆率.txt","通用小怪","111","25","凌风战虎镯","好爆","0","0","",""
"第一大陆爆率.txt","通用小怪","112","25","凌风战挂坠","好爆","0","0","",""
"第一大陆爆率.txt","通用小怪","113","25","凌风战兽盔","好爆","0","0","",""
"第一大陆爆率.txt","通用小怪","115","55","凌风战影甲","好爆","0","0","",""
"第一大陆爆率.txt","通用小怪","116","55","凌风七色刃","好爆","0","0","",""
"第一大陆爆率.txt","通用小怪","117","25","凌风战虎戒","好爆","0","0","",""
"第一大陆爆率.txt","通用小怪","118","25","凌风战虎镯","好爆","0","0","",""
"第一大陆爆率.txt","通用小怪","119","25","凌风战挂坠","好爆","0","0","",""
"第一大陆爆率.txt","通用小怪","120","25","凌风战兽盔","好爆","0","0","",""
"第一大陆爆率.txt","通用小怪","122","888","雪隐残锋","一般","0","0","",""
"第一大陆爆率.txt","通用小怪","123","888","惊雷震世","一般","0","0","",""
"第一大陆爆率.txt","通用小怪","124","888","烬海残光","一般","0","0","",""
"第一大陆爆率.txt","通用小怪","125","888","苍穹寂灭","一般","0","0","",""
"第一大陆爆率.txt","通用小怪","126","888","月华流影","一般","0","0","",""
"第一大陆爆率.txt","通用小怪","127","888","傲霜孤","一般","0","0","",""
"第一大陆爆率.txt","通用小怪","128","888","炽焰护腕","一般","0","0","",""
"第一大陆爆率.txt","通用小怪","129","888","烈焰指环","一般","0","0","",""
"第一大陆爆率.txt","通用小怪","130","888","王权圣戒","一般","0","0","",""
"第一大陆爆率.txt","通用小怪","131","888","龙魂吊坠","一般","0","0","",""
"第一大陆爆率.txt","通用小怪","133","2600","雷霆幻","难爆","0","0","",""
"第一大陆爆率.txt","通用小怪","134","2600","龙鳞震岳","难爆","0","0","",""
"第一大陆爆率.txt","通用小怪","135","2600","啸风逐电","难爆","0","0","",""
"第一大陆爆率.txt","通用小怪","137","2600","天罚雷击","难爆","0","0","",""
"第一大陆爆率.txt","通用小怪","138","2600","烈焰焚天","难爆","0","0","",""
"第一大陆爆率.txt","通用小怪","139","2600","霜雪之间","难爆","0","0","",""
"第一大陆爆率.txt","通用中怪","145","1","50W经验卷","好爆","0","0","",""
"第一大陆爆率.txt","通用中怪","146","1","50W经验卷","好爆","0","0","",""
"第一大陆爆率.txt","通用中怪","147","1","50W经验卷","好爆","0","0","",""
"第一大陆爆率.txt","通用中怪","148","1","50W经验卷","好爆","0","0","",""
"第一大陆爆率.txt","通用中怪","150","1","好感度道具","好爆","0","0","",""
"第一大陆爆率.txt","通用中怪","152","20","天工之锤","好爆","0","0","",""
"第一大陆爆率.txt","通用中怪","153","20","焚天石","好爆","0","0","",""
"第一大陆爆率.txt","通用中怪","155","288","女儿红","一般","0","0","",""
"第一大陆爆率.txt","通用中怪","156","288","莲花白","一般","0","0","",""
"第一大陆爆率.txt","通用中怪","157","68","竹叶青","好爆","0","0","",""
"第一大陆爆率.txt","通用中怪","158","68","百花酿","好爆","0","0","",""
"第一大陆爆率.txt","通用中怪","159","68","八仙醉","好爆","0","0","",""
"第一大陆爆率.txt","通用中怪","161","15","辰星战甲","好爆","0","0","",""
"第一大陆爆率.txt","通用中怪","162","15","辰星战刃","好爆","0","0","",""
"第一大陆爆率.txt","通用中怪","163","5","辰星战戒","好爆","0","0","",""
"第一大陆爆率.txt","通用中怪","164","5","辰星战镯","好爆","0","0","",""
"第一大陆爆率.txt","通用中怪","165","5","辰星战链","好爆","0","0","",""
"第一大陆爆率.txt","通用中怪","166","5","辰星战盔","好爆","0","0","",""
"第一大陆爆率.txt","通用中怪","168","15","辰星战甲","好爆","0","0","",""
"第一大陆爆率.txt","通用中怪","169","15","辰星战刃","好爆","0","0","",""
"第一大陆爆率.txt","通用中怪","170","5","辰星战戒","好爆","0","0","",""
"第一大陆爆率.txt","通用中怪","171","5","辰星战镯","好爆","0","0","",""
"第一大陆爆率.txt","通用中怪","172","5","辰星战链","好爆","0","0","",""
"第一大陆爆率.txt","通用中怪","173","5","辰星战盔","好爆","0","0","",""
"第一大陆爆率.txt","通用中怪","176","28","古月战狂甲","好爆","0","0","",""
"第一大陆爆率.txt","通用中怪","177","28","古月彻地斩","好爆","0","0","",""
"第一大陆爆率.txt","通用中怪","178","11","古月战狂戒","好爆","0","0","",""
"第一大陆爆率.txt","通用中怪","179","11","古月战狂镯","好爆","0","0","",""
"第一大陆爆率.txt","通用中怪","180","11","古月战狂链","好爆","0","0","",""
"第一大陆爆率.txt","通用中怪","181","11","古月战狂盔","好爆","0","0","",""
"第一大陆爆率.txt","通用中怪","184","28","古月战狂甲","好爆","0","0","",""
"第一大陆爆率.txt","通用中怪","185","28","古月彻地斩","好爆","0","0","",""
"第一大陆爆率.txt","通用中怪","186","11","古月战狂戒","好爆","0","0","",""
"第一大陆爆率.txt","通用中怪","187","11","古月战狂镯","好爆","0","0","",""
"第一大陆爆率.txt","通用中怪","188","11","古月战狂链","好爆","0","0","",""
"第一大陆爆率.txt","通用中怪","189","11","古月战狂盔","好爆","0","0","",""
"第一大陆爆率.txt","通用中怪","191","38","青天战幻甲","好爆","0","0","",""
"第一大陆爆率.txt","通用中怪","192","38","青天怒斩","好爆","0","0","",""
"第一大陆爆率.txt","通用中怪","193","18","青天战幻戒","好爆","0","0","",""
"第一大陆爆率.txt","通用中怪","194","18","青天战幻镯","好爆","0","0","",""
"第一大陆爆率.txt","通用中怪","195","18","青天战幻链","好爆","0","0","",""
"第一大陆爆率.txt","通用中怪","196","18","青天战幻盔","好爆","0","0","",""
"第一大陆爆率.txt","通用中怪","198","38","青天战幻甲","好爆","0","0","",""
"第一大陆爆率.txt","通用中怪","199","38","青天怒斩","好爆","0","0","",""
"第一大陆爆率.txt","通用中怪","200","18","青天战幻戒","好爆","0","0","",""
"第一大陆爆率.txt","通用中怪","201","18","青天战幻镯","好爆","0","0","",""
"第一大陆爆率.txt","通用中怪","202","18","青天战幻链","好爆","0","0","",""
"第一大陆爆率.txt","通用中怪","203","18","青天战幻盔","好爆","0","0","",""
"第一大陆爆率.txt","通用中怪","205","55","凌风战影甲","好爆","0","0","",""
"第一大陆爆率.txt","通用中怪","206","55","凌风七色刃","好爆","0","0","",""
"第一大陆爆率.txt","通用中怪","207","25","凌风战虎戒","好爆","0","0","",""
"第一大陆爆率.txt","通用中怪","208","25","凌风战虎镯","好爆","0","0","",""
"第一大陆爆率.txt","通用中怪","209","25","凌风战挂坠","好爆","0","0","",""
"第一大陆爆率.txt","通用中怪","210","25","凌风战兽盔","好爆","0","0","",""
"第一大陆爆率.txt","通用中怪","212","55","凌风战影甲","好爆","0","0","",""
"第一大陆爆率.txt","通用中怪","213","55","凌风七色刃","好爆","0","0","",""
"第一大陆爆率.txt","通用中怪","214","25","凌风战虎戒","好爆","0","0","",""
"第一大陆爆率.txt","通用中怪","215","25","凌风战虎镯","好爆","0","0","",""
"第一大陆爆率.txt","通用中怪","216","25","凌风战挂坠","好爆","0","0","",""
"第一大陆爆率.txt","通用中怪","217","25","凌风战兽盔","好爆","0","0","",""
"第一大陆爆率.txt","通用中怪","219","888","雪隐残锋","一般","0","0","",""
"第一大陆爆率.txt","通用中怪","220","888","惊雷震世","一般","0","0","",""
"第一大陆爆率.txt","通用中怪","221","888","烬海残光","一般","0","0","",""
"第一大陆爆率.txt","通用中怪","222","888","苍穹寂灭","一般","0","0","",""
"第一大陆爆率.txt","通用中怪","223","888","月华流影","一般","0","0","",""
"第一大陆爆率.txt","通用中怪","224","888","傲霜孤","一般","0","0","",""
"第一大陆爆率.txt","通用中怪","225","888","炽焰护腕","一般","0","0","",""
"第一大陆爆率.txt","通用中怪","226","888","烈焰指环","一般","0","0","",""
"第一大陆爆率.txt","通用中怪","227","888","王权圣戒","一般","0","0","",""
"第一大陆爆率.txt","通用中怪","228","888","龙魂吊坠","一般","0","0","",""
"第一大陆爆率.txt","通用中怪","230","2555","雷霆幻","难爆","0","0","",""
"第一大陆爆率.txt","通用中怪","231","2555","龙鳞震岳","难爆","0","0","",""
"第一大陆爆率.txt","通用中怪","232","2555","啸风逐电","难爆","0","0","",""
"第一大陆爆率.txt","通用中怪","234","2555","天罚雷击","难爆","0","0","",""
"第一大陆爆率.txt","通用中怪","235","2555","烈焰焚天","难爆","0","0","",""
"第一大陆爆率.txt","通用中怪","236","2555","霜雪之间","难爆","0","0","",""
"第一大陆爆率.txt","通用大怪","243","1","50W经验卷","好爆","0","0","",""
"第一大陆爆率.txt","通用大怪","244","1","50W经验卷","好爆","0","0","",""
"第一大陆爆率.txt","通用大怪","245","1","100W经验卷","好爆","0","0","",""
"第一大陆爆率.txt","通用大怪","247","1","天工之锤","好爆","0","0","",""
"第一大陆爆率.txt","通用大怪","248","1","焚天石","好爆","0","0","",""
"第一大陆爆率.txt","通用大怪","249","1","天工之锤","好爆","0","0","",""
"第一大陆爆率.txt","通用大怪","250","1","焚天石","好爆","0","0","",""
"第一大陆爆率.txt","通用大怪","252","1","好感度道具","好爆","0","0","",""
"第一大陆爆率.txt","通用大怪","254","288","女儿红","一般","0","0","",""
"第一大陆爆率.txt","通用大怪","255","288","莲花白","一般","0","0","",""
"第一大陆爆率.txt","通用大怪","256","68","竹叶青","好爆","0","0","",""
"第一大陆爆率.txt","通用大怪","257","68","百花酿","好爆","0","0","",""
"第一大陆爆率.txt","通用大怪","258","68","八仙醉","好爆","0","0","",""
"第一大陆爆率.txt","通用大怪","260","28","冥海圣武甲","好爆","0","0","",""
"第一大陆爆率.txt","通用大怪","261","28","冥海圣刃","好爆","0","0","",""
"第一大陆爆率.txt","通用大怪","262","8","冥海圣武靴","好爆","0","0","",""
"第一大陆爆率.txt","通用大怪","263","8","冥海圣武带","好爆","0","0","",""
"第一大陆爆率.txt","通用大怪","264","8","冥海圣武戒","好爆","0","0","",""
"第一大陆爆率.txt","通用大怪","265","8","冥海圣武镯","好爆","0","0","",""
"第一大陆爆率.txt","通用大怪","266","8","冥海圣武链","好爆","0","0","",""
"第一大陆爆率.txt","通用大怪","267","8","冥海圣武盔","好爆","0","0","",""
"第一大陆爆率.txt","通用大怪","269","28","冥海圣武甲","好爆","0","0","",""
"第一大陆爆率.txt","通用大怪","270","28","冥海圣刃","好爆","0","0","",""
"第一大陆爆率.txt","通用大怪","271","8","冥海圣武靴","好爆","0","0","",""
"第一大陆爆率.txt","通用大怪","272","8","冥海圣武带","好爆","0","0","",""
"第一大陆爆率.txt","通用大怪","273","8","冥海圣武戒","好爆","0","0","",""
"第一大陆爆率.txt","通用大怪","274","8","冥海圣武镯","好爆","0","0","",""
"第一大陆爆率.txt","通用大怪","275","8","冥海圣武链","好爆","0","0","",""
"第一大陆爆率.txt","通用大怪","276","8","冥海圣武盔","好爆","0","0","",""
"第一大陆爆率.txt","通用大怪","279","45","苍月圣魂甲","好爆","0","0","",""
"第一大陆爆率.txt","通用大怪","280","45","苍月圣狂斩","好爆","0","0","",""
"第一大陆爆率.txt","通用大怪","281","15","苍月圣魂靴","好爆","0","0","",""
"第一大陆爆率.txt","通用大怪","282","15","苍月圣魂带","好爆","0","0","",""
"第一大陆爆率.txt","通用大怪","283","15","苍月圣魂戒","好爆","0","0","",""
"第一大陆爆率.txt","通用大怪","284","15","苍月圣魂镯","好爆","0","0","",""
"第一大陆爆率.txt","通用大怪","285","15","苍月圣魂链","好爆","0","0","",""
"第一大陆爆率.txt","通用大怪","286","15","苍月圣魂盔","好爆","0","0","",""
"第一大陆爆率.txt","通用大怪","288","45","苍月圣魂甲","好爆","0","0","",""
"第一大陆爆率.txt","通用大怪","289","45","苍月圣狂斩","好爆","0","0","",""
"第一大陆爆率.txt","通用大怪","290","15","苍月圣魂靴","好爆","0","0","",""
"第一大陆爆率.txt","通用大怪","291","15","苍月圣魂带","好爆","0","0","",""
"第一大陆爆率.txt","通用大怪","292","15","苍月圣魂戒","好爆","0","0","",""
"第一大陆爆率.txt","通用大怪","293","15","苍月圣魂镯","好爆","0","0","",""
"第一大陆爆率.txt","通用大怪","294","15","苍月圣魂链","好爆","0","0","",""
"第一大陆爆率.txt","通用大怪","295","15","苍月圣魂盔","好爆","0","0","",""
"第一大陆爆率.txt","通用大怪","298","69","吟龍圣甲","好爆","0","0","",""
"第一大陆爆率.txt","通用大怪","299","69","吟龍圣者剑","好爆","0","0","",""
"第一大陆爆率.txt","通用大怪","300","29","吟龍圣靴","好爆","0","0","",""
"第一大陆爆率.txt","通用大怪","301","29","吟龍圣带","好爆","0","0","",""
"第一大陆爆率.txt","通用大怪","302","29","吟龍圣戒","好爆","0","0","",""
"第一大陆爆率.txt","通用大怪","303","29","吟龍圣镯","好爆","0","0","",""
"第一大陆爆率.txt","通用大怪","304","29","吟龍圣链","好爆","0","0","",""
"第一大陆爆率.txt","通用大怪","305","29","吟龍圣盔","好爆","0","0","",""
"第一大陆爆率.txt","通用大怪","308","69","吟龍圣甲","好爆","0","0","",""
"第一大陆爆率.txt","通用大怪","309","69","吟龍圣者剑","好爆","0","0","",""
"第一大陆爆率.txt","通用大怪","310","29","吟龍圣靴","好爆","0","0","",""
"第一大陆爆率.txt","通用大怪","311","29","吟龍圣带","好爆","0","0","",""
"第一大陆爆率.txt","通用大怪","312","29","吟龍圣戒","好爆","0","0","",""
"第一大陆爆率.txt","通用大怪","313","29","吟龍圣镯","好爆","0","0","",""
"第一大陆爆率.txt","通用大怪","314","29","吟龍圣链","好爆","0","0","",""
"第一大陆爆率.txt","通用大怪","315","29","吟龍圣盔","好爆","0","0","",""
"第一大陆爆率.txt","通用大怪","317","88","殘魂必殺甲","好爆","0","0","",""
"第一大陆爆率.txt","通用大怪","318","88","殘魂必殺刃","好爆","0","0","",""
"第一大陆爆率.txt","通用大怪","319","41","殘魂神靴","好爆","0","0","",""
"第一大陆爆率.txt","通用大怪","320","41","殘魂神带","好爆","0","0","",""
"第一大陆爆率.txt","通用大怪","321","41","殘魂神戒","好爆","0","0","",""
"第一大陆爆率.txt","通用大怪","322","41","殘魂神镯","好爆","0","0","",""
"第一大陆爆率.txt","通用大怪","323","41","殘魂神链","好爆","0","0","",""
"第一大陆爆率.txt","通用大怪","324","41","殘魂神盔","好爆","0","0","",""
"第一大陆爆率.txt","通用大怪","326","88","殘魂必殺甲","好爆","0","0","",""
"第一大陆爆率.txt","通用大怪","327","88","殘魂必殺刃","好爆","0","0","",""
"第一大陆爆率.txt","通用大怪","328","41","殘魂神靴","好爆","0","0","",""
"第一大陆爆率.txt","通用大怪","329","41","殘魂神带","好爆","0","0","",""
"第一大陆爆率.txt","通用大怪","330","41","殘魂神戒","好爆","0","0","",""
"第一大陆爆率.txt","通用大怪","331","41","殘魂神镯","好爆","0","0","",""
"第一大陆爆率.txt","通用大怪","332","41","殘魂神链","好爆","0","0","",""
"第一大陆爆率.txt","通用大怪","333","41","殘魂神盔","好爆","0","0","",""
"第一大陆爆率.txt","通用大怪","335","788","雪隐残锋","一般","0","0","",""
"第一大陆爆率.txt","通用大怪","336","788","惊雷震世","一般","0","0","",""
"第一大陆爆率.txt","通用大怪","337","788","烬海残光","一般","0","0","",""
"第一大陆爆率.txt","通用大怪","338","788","苍穹寂灭","一般","0","0","",""
"第一大陆爆率.txt","通用大怪","339","788","月华流影","一般","0","0","",""
"第一大陆爆率.txt","通用大怪","340","788","傲霜孤","一般","0","0","",""
"第一大陆爆率.txt","通用大怪","341","788","炽焰护腕","一般","0","0","",""
"第一大陆爆率.txt","通用大怪","342","788","烈焰指环","一般","0","0","",""
"第一大陆爆率.txt","通用大怪","343","788","王权圣戒","一般","0","0","",""
"第一大陆爆率.txt","通用大怪","344","788","龙魂吊坠","一般","0","0","",""
"第一大陆爆率.txt","通用大怪","346","1333","雷霆幻","难爆","0","0","",""
"第一大陆爆率.txt","通用大怪","347","1333","龙鳞震岳","难爆","0","0","",""
"第一大陆爆率.txt","通用大怪","348","1333","啸风逐电","难爆","0","0","",""
"第一大陆爆率.txt","通用大怪","350","1333","天罚雷击","难爆","0","0","",""
"第一大陆爆率.txt","通用大怪","351","1333","烈焰焚天","难爆","0","0","",""
"第一大陆爆率.txt","通用大怪","352","1333","霜雪之间","难爆","0","0","",""
"第七大陆爆率.txt","通用","3","1","元宝[5]","好爆","0","0","",""
"第七大陆爆率.txt","通用","4","2","元宝[5]","好爆","0","0","",""
"第七大陆爆率.txt","通用","5","2","元宝[5]","好爆","0","0","",""
"第七大陆爆率.txt","通用","7","1","金币(小)","好爆","0","0","",""
"第七大陆爆率.txt","通用","8","10","金币(小)","好爆","0","0","",""
"第七大陆爆率.txt","通用","9","15","金币(小)","好爆","0","0","",""
"第七大陆爆率.txt","通用","10","45","金币(中)","好爆","0","0","",""
"第七大陆爆率.txt","通用","11","688","金币(大)","一般","0","0","",""
"第七大陆爆率.txt","通用","73","1","天工之锤","好爆","0","0","",""
"第七大陆爆率.txt","通用","74","1","焚天石","好爆","0","0","",""
"第七大陆爆率.txt","通用","75","1","天工之锤","好爆","0","0","",""
"第七大陆爆率.txt","通用","76","1","焚天石","好爆","0","0","",""
"第七大陆爆率.txt","通用","77","1","天工之锤","好爆","0","0","",""
"第七大陆爆率.txt","通用","78","1","焚天石","好爆","0","0","",""
"第七大陆爆率.txt","通用","80","5888","幻灵石","难爆","0","0","",""
"第七大陆爆率.txt","通用","81","388","秋露白","一般","0","0","",""
"第七大陆爆率.txt","通用","82","388","金茎露","一般","0","0","",""
"第七大陆爆率.txt","通用","83","188","寒潭香","一般","0","0","",""
"第七大陆爆率.txt","通用","84","188","竹叶青","一般","0","0","",""
"第七大陆爆率.txt","通用","85","188","女儿红","一般","0","0","",""
"第七大陆爆率.txt","通用","88","1248888","荣耀之证","有条件的爆","1","1","U225 > 1000",""
"第七大陆爆率.txt","通用","90","456999","净世真言","难爆","0","0","",""
"第七大陆爆率.txt","通用","91","168999","天恩圣符","难爆","0","0","",""
"第七大陆爆率.txt","通用","92","168999","黎明之誓","难爆","0","0","",""
"第七大陆爆率.txt","通用","93","168999","圣光誓约","难爆","0","0","",""
"第七大陆爆率.txt","通用","94","928888","被封印的剑灵","难爆","0","0","",""
"第七大陆爆率.txt","通用","95","528888","月如歌","难爆","0","0","",""
"第七大陆爆率.txt","通用","96","528888","月中寒","难爆","0","0","",""
"第七大陆爆率.txt","通用","97","528888","弑道焚心","难爆","0","0","",""
"第七大陆爆率.txt","通用","98","528888","万劫归墟","难爆","0","0","",""
"第七大陆爆率.txt","通用","99","528888","鸿蒙初判","难爆","0","0","",""
"第七大陆爆率.txt","通用","101","188","黑日","一般","0","0","",""
"第七大陆爆率.txt","通用","102","188","不朽","一般","0","0","",""
"第七大陆爆率.txt","通用","103","188","血系结罗","一般","0","0","",""
"第七大陆爆率.txt","通用","104","188","湿婆业舞","一般","0","0","",""
"第七大陆爆率.txt","通用","105","188","王权","一般","0","0","",""
"第七大陆爆率.txt","通用","106","188","君焰","一般","0","0","",""
"第七大陆爆率.txt","通用","107","288","风王之瞳","一般","0","0","",""
"第七大陆爆率.txt","通用","108","288","轮回之力","一般","0","0","",""
"第七大陆爆率.txt","通用","109","288","自闭圆顿裹","一般","0","0","",""
"第七大陆爆率.txt","通用","110","288","怠惰の罪","一般","0","0","",""
"第七大陆爆率.txt","通用","111","688","弑序亲王","一般","0","0","",""
"第七大陆爆率.txt","通用","112","688","命运之轮","一般","0","0","",""
"第七大陆爆率.txt","通用","113","688","星空·道极","一般","0","0","",""
"第七大陆爆率.txt","通用","114","688","死之藤蔓","一般","0","0","",""
"第七大陆爆率.txt","通用","115","688","流明","一般","0","0","",""
"第七大陆爆率.txt","通用","116","688","旧日支配者","一般","0","0","",""
"第七大陆爆率.txt","通用","117","988","耶梦加得","一般","0","0","",""
"第七大陆爆率.txt","通用","118","988","尼德霍格","一般","0","0","",""
"第七大陆爆率.txt","通用","119","988","血の恩赐","一般","0","0","",""
"第七大陆爆率.txt","通用","120","988","黑炎牢狱","一般","0","0","",""
"第七大陆爆率.txt","通用","121","1588","星辰神器","难爆","0","0","",""
"第七大陆爆率.txt","通用","122","1588","此下众生","难爆","0","0","",""
"第七大陆爆率.txt","通用","123","1588","此上无人","难爆","0","0","",""
"第七大陆爆率.txt","通用","124","1588","烟雨醉浮生","难爆","0","0","",""
"第七大陆爆率.txt","通用","125","1588","落花三千","难爆","0","0","",""
"第七大陆爆率.txt","通用","126","1588","流水无情","难爆","0","0","",""
"第七大陆爆率.txt","通用","127","2588","世界树灵枝","难爆","0","0","",""
"第七大陆爆率.txt","通用","128","2588","午夜虹吸","难爆","0","0","",""
"第七大陆爆率.txt","通用","129","2588","王之蔑视","难爆","0","0","",""
"第七大陆爆率.txt","通用","130","2588","特修斯の魔","难爆","0","0","",""
"第七大陆爆率.txt","通用","131","288","妖魔玉佩","一般","0","0","",""
"第七大陆爆率.txt","通用","132","288","不死之花","一般","0","0","",""
"第七大陆爆率.txt","通用","133","288","月光钻石","一般","0","0","",""
"第七大陆爆率.txt","通用","134","288","大佛舍利","一般","0","0","",""
"第七大陆爆率.txt","通用","135","288","魔晶戒指","一般","0","0","",""
"第七大陆爆率.txt","通用","136","288","初心手镯","一般","0","0","",""
"第七大陆爆率.txt","通用","137","888","魔王水晶","一般","0","0","",""
"第七大陆爆率.txt","通用","138","888","魔王神油","一般","0","0","",""
"第七大陆爆率.txt","通用","139","888","恶魔牙骨","一般","0","0","",""
"第七大陆爆率.txt","通用","140","888","恶魔之角","一般","0","0","",""
"第七大陆爆率.txt","通用","141","888","魔罗指环","一般","0","0","",""
"第七大陆爆率.txt","通用","142","888","魔罗之卵","一般","0","0","",""
"第七大陆爆率.txt","通用","143","1888","虚耗(太古结界)","难爆","0","0","",""
"第七大陆爆率.txt","通用","144","1888","祖明(太古结界)","难爆","0","0","",""
"第七大陆爆率.txt","通用","145","1888","穷奇(太古结界)","难爆","0","0","",""
"第七大陆爆率.txt","通用","146","1888","疆良(太古结界)","难爆","0","0","",""
"第七大陆爆率.txt","通用","147","1888","伯奇(太古结界)","难爆","0","0","",""
"第七大陆爆率.txt","通用","148","1888","雄伯(太古结界)","难爆","0","0","",""
"第七大陆爆率.txt","通用","149","388","狂·崆峒靴子","一般","0","0","",""
"第七大陆爆率.txt","通用","150","388","狂·崆峒腰带","一般","0","0","",""
"第七大陆爆率.txt","通用","151","388","狂·崆峒戒指","一般","0","0","",""
"第七大陆爆率.txt","通用","152","388","狂·崆峒手镯","一般","0","0","",""
"第七大陆爆率.txt","通用","153","388","狂·崆峒项链","一般","0","0","",""
"第七大陆爆率.txt","通用","154","388","狂·崆峒头盔","一般","0","0","",""
"第七大陆爆率.txt","通用","155","1288","暴·乾坤靴子","难爆","0","0","",""
"第七大陆爆率.txt","通用","156","1288","暴·乾坤腰带","难爆","0","0","",""
"第七大陆爆率.txt","通用","157","1288","暴·乾坤戒指","难爆","0","0","",""
"第七大陆爆率.txt","通用","158","1288","暴·乾坤手镯","难爆","0","0","",""
"第七大陆爆率.txt","通用","159","1288","暴·乾坤项链","难爆","0","0","",""
"第七大陆爆率.txt","通用","160","1288","暴·乾坤头盔","难爆","0","0","",""
"第七大陆爆率.txt","通用","161","3888","神·神龙靴子","难爆","0","0","",""
"第七大陆爆率.txt","通用","162","3888","神·神龙腰带","难爆","0","0","",""
"第七大陆爆率.txt","通用","163","3888","神·神龙戒指","难爆","0","0","",""
"第七大陆爆率.txt","通用","164","3888","神·神龙手镯","难爆","0","0","",""
"第七大陆爆率.txt","通用","165","3888","神·神龙项链","难爆","0","0","",""
"第七大陆爆率.txt","通用","166","3888","神·神龙头盔","难爆","0","0","",""
"第七大陆爆率.txt","通用","167","2555","雷霆幻","难爆","0","0","",""
"第七大陆爆率.txt","通用","168","2555","龙鳞震岳","难爆","0","0","",""
"第七大陆爆率.txt","通用","169","2555","啸风逐电","难爆","0","0","",""
"第七大陆爆率.txt","通用","170","2555","天罚雷击","难爆","0","0","",""
"第七大陆爆率.txt","通用","171","2555","烈焰焚天","难爆","0","0","",""
"第七大陆爆率.txt","通用","172","2555","霜雪之间","难爆","0","0","",""
"第七大陆爆率.txt","通用","173","1088","雪隐残锋","难爆","0","0","",""
"第七大陆爆率.txt","通用","174","1088","惊雷震世","难爆","0","0","",""
"第七大陆爆率.txt","通用","175","1088","烬海残光","难爆","0","0","",""
"第七大陆爆率.txt","通用","176","1088","苍穹寂灭","难爆","0","0","",""
"第七大陆爆率.txt","通用","177","1088","月华流影","难爆","0","0","",""
"第七大陆爆率.txt","通用","178","1088","傲霜孤","难爆","0","0","",""
"第七大陆爆率.txt","通用","179","1088","炽焰护腕","难爆","0","0","",""
"第七大陆爆率.txt","通用","180","1088","烈焰指环","难爆","0","0","",""
"第七大陆爆率.txt","通用","181","1088","王权圣戒","难爆","0","0","",""
"第七大陆爆率.txt","通用","182","1088","龙魂吊坠","难爆","0","0","",""
"第七大陆爆率.txt","通用","221","388888","猪脑过载","难爆","0","0","",""
"第七大陆爆率.txt","通用","222","2888888","魔法盾[技能]","难爆","0","0","",""
"第七大陆爆率.txt","通用","223","488888","护体神盾","难爆","0","0","",""
"第七大陆爆率.txt","通用","224","5988888","玄武震天尊","难爆","0","0","",""
"第七大陆爆率.txt","通用","225","5988888","致命节奏","难爆","0","0","",""
"第七大陆爆率.txt","通用","226","5988888","熱翔","难爆","0","0","",""
"第七大陆爆率.txt","通用","227","5988888","东皇钟魂","难爆","0","0","",""
"第七大陆爆率.txt","通用","230","14988888","神农百草令","有条件的爆","1","1","U225 > 2000",""
"第七大陆爆率.txt","通用","231","14988888","伏羲八卦印","有条件的爆","1","1","U225 > 2000",""
"第七大陆爆率.txt","通用","232","14988888","女娲补天石","有条件的爆","1","1","U225 > 2000",""
"第七大陆爆率.txt","通用","233","14988888","盘古遗泽","有条件的爆","1","1","U225 > 2000",""
"第七大陆爆率.txt","通用","234","14988888","先天一气","有条件的爆","1","1","U225 > 2000",""
"第七大陆爆率.txt","通用","235","14988888","太初灵韵","有条件的爆","1","1","U225 > 2000",""
"第七大陆爆率.txt","通用","236","14988888","卐卐正道鏡卐卐","有条件的爆","1","1","U225 > 2000",""
"第七大陆爆率.txt","通用","237","14988888","卐卐提魂锁卐卐","有条件的爆","1","1","U225 > 2000",""
"第七大陆爆率.txt","通用","238","14988888","△△雷道天卷△△","有条件的爆","1","1","U225 > 2000",""
"第七大陆爆率.txt","通用","239","14988888","△△玄天令△△","有条件的爆","1","1","U225 > 2000",""
"第七大陆爆率.txt","通用","240","14988888","▲▲火雲真經▲▲","有条件的爆","1","1","U225 > 2000",""
"第七大陆爆率.txt","通用","241","14988888","▲▲水鏡太極▲▲","有条件的爆","1","1","U225 > 2000",""
"第七大陆爆率.txt","通用","242","14988888","‖「谣影神靴」‖","有条件的爆","1","1","U225 > 2000",""
"第七大陆爆率.txt","通用","243","14988888","‖「太清流珠」‖","有条件的爆","1","1","U225 > 2000",""
"第七大陆爆率.txt","通用","270","100","修为丹（小）","好爆","0","0","",""
"第七大陆爆率.txt","通用","271","1000","修为丹（大）","一般","0","0","",""
"第七大陆爆率.txt","通用","272","200","杀伐神石[小]|@bl_zyjhl5","有条件的爆","1","0","","bl_zyjhl5"
"第七大陆爆率.txt","通用","273","1555","杀伐神石[大]|@bl_zyjhl5","有条件的爆","1","0","","bl_zyjhl5"
"第七大陆爆率.txt","通用","274","588","神石宝箱","一般","0","0","",""
"第七大陆爆率.txt","通用","275","888","藏宝图碎片","一般","0","0","",""
"第七大陆爆率.txt","通用","276","300","酒糟","一般","0","0","",""
"第三大陆爆率.txt","通用","3","1","元宝[5]","好爆","0","0","",""
"第三大陆爆率.txt","通用","4","2","元宝[5]","好爆","0","0","",""
"第三大陆爆率.txt","通用","5","2","元宝[5]","好爆","0","0","",""
"第三大陆爆率.txt","通用","7","1","金币(小)","好爆","0","0","",""
"第三大陆爆率.txt","通用","8","12","金币(小)","好爆","0","0","",""
"第三大陆爆率.txt","通用","9","20","金币(小)","好爆","0","0","",""
"第三大陆爆率.txt","通用","10","50","金币(中)","好爆","0","0","",""
"第三大陆爆率.txt","通用","11","888","金币(大)","一般","0","0","",""
"第三大陆爆率.txt","通用","13","1","100W经验卷","好爆","0","0","",""
"第三大陆爆率.txt","通用","14","1","100W经验卷","好爆","0","0","",""
"第三大陆爆率.txt","通用","15","1","100W经验卷","好爆","0","0","",""
"第三大陆爆率.txt","通用","16","1","200W经验卷","好爆","0","0","",""
"第三大陆爆率.txt","通用","17","18","100W经验卷","好爆","0","0","",""
"第三大陆爆率.txt","通用","18","25","200W经验卷","好爆","0","0","",""
"第三大陆爆率.txt","通用","19","68","500W经验卷","好爆","0","0","",""
"第三大陆爆率.txt","通用","20","98","1000W经验卷","好爆","0","0","",""
"第三大陆爆率.txt","通用","21","118","2000W经验卷","一般","0","0","",""
"第三大陆爆率.txt","通用","22","288","5000W经验卷","一般","0","0","",""
"第三大陆爆率.txt","通用","23","588","1亿经验卷","一般","0","0","",""
"第三大陆爆率.txt","通用","24","3588","2亿经验卷","难爆","0","0","",""
"第三大陆爆率.txt","通用","25","9588","5亿经验卷","难爆","0","0","",""
"第三大陆爆率.txt","通用","57","528888","月如歌","难爆","0","0","",""
"第三大陆爆率.txt","通用","58","528888","月中寒","难爆","0","0","",""
"第三大陆爆率.txt","通用","59","528888","弑道焚心","难爆","0","0","",""
"第三大陆爆率.txt","通用","60","528888","万劫归墟","难爆","0","0","",""
"第三大陆爆率.txt","通用","61","528888","鸿蒙初判","难爆","0","0","",""
"第三大陆爆率.txt","通用","65","128888","碎穹裂宇","有条件的爆","1","1","U225 > 1000",""
"第三大陆爆率.txt","通用","68","4888","无尽征伐","难爆","0","0","",""
"第三大陆爆率.txt","通用","69","4888","焚天战旗","难爆","0","0","",""
"第三大陆爆率.txt","通用","70","4888","逆命玉","难爆","0","0","",""
"第三大陆爆率.txt","通用","71","4888","焚天令","难爆","0","0","",""
"第三大陆爆率.txt","通用","72","4888","霸者傲天下","难爆","0","0","",""
"第三大陆爆率.txt","通用","73","4888","飞龙在天","难爆","0","0","",""
"第三大陆爆率.txt","通用","74","4888","傲骨豪","难爆","0","0","",""
"第三大陆爆率.txt","通用","75","4888","死亡彗星","难爆","0","0","",""
"第三大陆爆率.txt","通用","77","48888","傲骨豪","难爆","0","0","",""
"第三大陆爆率.txt","通用","78","88888","太虚真意","难爆","0","0","",""
"第三大陆爆率.txt","通用","79","48888","诸神黄昏令","难爆","0","0","",""
"第三大陆爆率.txt","通用","80","100000","灵犀一点","难爆","0","0","",""
"第三大陆爆率.txt","通用","81","48888","天罚之威","难爆","0","0","",""
"第三大陆爆率.txt","通用","86","188888","青霄剑舞","有条件的爆","1","1","U225 > 1000",""
"第三大陆爆率.txt","通用","88","3888","冥炎之戒","难爆","0","0","",""
"第三大陆爆率.txt","通用","89","3888","无影梦链","难爆","0","0","",""
"第三大陆爆率.txt","通用","90","3888","星辰冕冠","难爆","0","0","",""
"第三大陆爆率.txt","通用","91","3888","夜行","难爆","0","0","",""
"第三大陆爆率.txt","通用","92","3888","野蛮","难爆","0","0","",""
"第三大陆爆率.txt","通用","93","3888","羽化仙","难爆","0","0","",""
"第三大陆爆率.txt","通用","94","9088","血焰","难爆","0","0","",""
"第三大陆爆率.txt","通用","95","10888","九重苍带","难爆","0","0","",""
"第三大陆爆率.txt","通用","96","10888","惊雷踏云","难爆","0","0","",""
"第三大陆爆率.txt","通用","97","10888","幽灵步履","难爆","0","0","",""
"第三大陆爆率.txt","通用","98","188","黑日","一般","0","0","",""
"第三大陆爆率.txt","通用","99","188","不朽","一般","0","0","",""
"第三大陆爆率.txt","通用","100","188","血系结罗","一般","0","0","",""
"第三大陆爆率.txt","通用","101","188","湿婆业舞","一般","0","0","",""
"第三大陆爆率.txt","通用","102","188","王权","一般","0","0","",""
"第三大陆爆率.txt","通用","103","188","君焰","一般","0","0","",""
"第三大陆爆率.txt","通用","104","288","风王之瞳","一般","0","0","",""
"第三大陆爆率.txt","通用","105","288","轮回之力","一般","0","0","",""
"第三大陆爆率.txt","通用","106","288","自闭圆顿裹","一般","0","0","",""
"第三大陆爆率.txt","通用","107","288","怠惰の罪","一般","0","0","",""
"第三大陆爆率.txt","通用","108","688","弑序亲王","一般","0","0","",""
"第三大陆爆率.txt","通用","109","688","命运之轮","一般","0","0","",""
"第三大陆爆率.txt","通用","110","688","星空·道极","一般","0","0","",""
"第三大陆爆率.txt","通用","111","688","死之藤蔓","一般","0","0","",""
"第三大陆爆率.txt","通用","112","688","流明","一般","0","0","",""
"第三大陆爆率.txt","通用","113","688","旧日支配者","一般","0","0","",""
"第三大陆爆率.txt","通用","114","988","耶梦加得","一般","0","0","",""
"第三大陆爆率.txt","通用","115","988","尼德霍格","一般","0","0","",""
"第三大陆爆率.txt","通用","116","988","血の恩赐","一般","0","0","",""
"第三大陆爆率.txt","通用","117","988","黑炎牢狱","一般","0","0","",""
"第三大陆爆率.txt","通用","118","1588","星辰神器","难爆","0","0","",""
"第三大陆爆率.txt","通用","119","1588","此下众生","难爆","0","0","",""
"第三大陆爆率.txt","通用","120","1588","此上无人","难爆","0","0","",""
"第三大陆爆率.txt","通用","121","1588","烟雨醉浮生","难爆","0","0","",""
"第三大陆爆率.txt","通用","122","1588","落花三千","难爆","0","0","",""
"第三大陆爆率.txt","通用","123","1588","流水无情","难爆","0","0","",""
"第三大陆爆率.txt","通用","124","2588","世界树灵枝","难爆","0","0","",""
"第三大陆爆率.txt","通用","125","2588","午夜虹吸","难爆","0","0","",""
"第三大陆爆率.txt","通用","126","2588","王之蔑视","难爆","0","0","",""
"第三大陆爆率.txt","通用","127","2588","特修斯の魔","难爆","0","0","",""
"第三大陆爆率.txt","通用","128","388","狂·崆峒靴子","一般","0","0","",""
"第三大陆爆率.txt","通用","129","388","狂·崆峒腰带","一般","0","0","",""
"第三大陆爆率.txt","通用","130","388","狂·崆峒戒指","一般","0","0","",""
"第三大陆爆率.txt","通用","131","388","狂·崆峒手镯","一般","0","0","",""
"第三大陆爆率.txt","通用","132","388","狂·崆峒项链","一般","0","0","",""
"第三大陆爆率.txt","通用","133","388","狂·崆峒头盔","一般","0","0","",""
"第三大陆爆率.txt","通用","134","1288","暴·乾坤靴子","难爆","0","0","",""
"第三大陆爆率.txt","通用","135","1288","暴·乾坤腰带","难爆","0","0","",""
"第三大陆爆率.txt","通用","136","1288","暴·乾坤戒指","难爆","0","0","",""
"第三大陆爆率.txt","通用","137","1288","暴·乾坤手镯","难爆","0","0","",""
"第三大陆爆率.txt","通用","138","1288","暴·乾坤项链","难爆","0","0","",""
"第三大陆爆率.txt","通用","139","1288","暴·乾坤头盔","难爆","0","0","",""
"第三大陆爆率.txt","通用","140","3888","神·神龙靴子","难爆","0","0","",""
"第三大陆爆率.txt","通用","141","3888","神·神龙腰带","难爆","0","0","",""
"第三大陆爆率.txt","通用","142","3888","神·神龙戒指","难爆","0","0","",""
"第三大陆爆率.txt","通用","143","3888","神·神龙手镯","难爆","0","0","",""
"第三大陆爆率.txt","通用","144","3888","神·神龙项链","难爆","0","0","",""
"第三大陆爆率.txt","通用","145","3888","神·神龙头盔","难爆","0","0","",""
"第三大陆爆率.txt","通用","146","2555","雷霆幻","难爆","0","0","",""
"第三大陆爆率.txt","通用","147","2555","龙鳞震岳","难爆","0","0","",""
"第三大陆爆率.txt","通用","148","2555","啸风逐电","难爆","0","0","",""
"第三大陆爆率.txt","通用","149","2555","天罚雷击","难爆","0","0","",""
"第三大陆爆率.txt","通用","150","2555","烈焰焚天","难爆","0","0","",""
"第三大陆爆率.txt","通用","151","2555","霜雪之间","难爆","0","0","",""
"第三大陆爆率.txt","通用","152","1088","雪隐残锋","难爆","0","0","",""
"第三大陆爆率.txt","通用","153","1088","惊雷震世","难爆","0","0","",""
"第三大陆爆率.txt","通用","154","1088","烬海残光","难爆","0","0","",""
"第三大陆爆率.txt","通用","155","1088","苍穹寂灭","难爆","0","0","",""
"第三大陆爆率.txt","通用","156","1088","月华流影","难爆","0","0","",""
"第三大陆爆率.txt","通用","157","1088","傲霜孤","难爆","0","0","",""
"第三大陆爆率.txt","通用","158","1088","炽焰护腕","难爆","0","0","",""
"第三大陆爆率.txt","通用","159","1088","烈焰指环","难爆","0","0","",""
"第三大陆爆率.txt","通用","160","1088","王权圣戒","难爆","0","0","",""
"第三大陆爆率.txt","通用","161","1088","龙魂吊坠","难爆","0","0","",""
"第三大陆爆率.txt","通用","202","8988888","神农百草令","有条件的爆","1","1","U225 > 2000",""
"第三大陆爆率.txt","通用","203","8988888","伏羲八卦印","有条件的爆","1","1","U225 > 2000",""
"第三大陆爆率.txt","通用","204","8988888","女娲补天石","有条件的爆","1","1","U225 > 2000",""
"第三大陆爆率.txt","通用","205","8988888","盘古遗泽","有条件的爆","1","1","U225 > 2000",""
"第三大陆爆率.txt","通用","206","8988888","先天一气","有条件的爆","1","1","U225 > 2000",""
"第三大陆爆率.txt","通用","207","8988888","太初灵韵","有条件的爆","1","1","U225 > 2000",""
"第三大陆爆率.txt","通用","235","8988888","神农百草令","有条件的爆","1","1","U225 > 5000",""
"第三大陆爆率.txt","通用","236","8988888","伏羲八卦印","有条件的爆","1","1","U225 > 5000",""
"第三大陆爆率.txt","通用","237","8988888","女娲补天石","有条件的爆","1","1","U225 > 5000",""
"第三大陆爆率.txt","通用","238","8988888","盘古遗泽","有条件的爆","1","1","U225 > 5000",""
"第三大陆爆率.txt","通用","239","8988888","先天一气","有条件的爆","1","1","U225 > 5000",""
"第三大陆爆率.txt","通用","240","8988888","太初灵韵","有条件的爆","1","1","U225 > 5000",""
"第三大陆爆率.txt","通用","243","1500","极阴石","难爆","0","0","",""
"第三大陆爆率.txt","通用","244","1500","极阳石","难爆","0","0","",""
"第三大陆爆率.txt","通用","245","2000","天道魂魄","难爆","0","0","",""
"第三大陆爆率.txt","通用","246","300","◆『八卦卷轴』◆|@bl_zyjhl4","有条件的爆","1","0","","bl_zyjhl4"
"第三大陆爆率.txt","通用","247","100","修为丹（小）","好爆","0","0","",""
"第三大陆爆率.txt","通用","248","1000","修为丹（大）","一般","0","0","",""
"第三大陆爆率.txt","通用","249","188","强化石","一般","0","0","",""
"第三大陆爆率.txt","通用","250","500","高阶强化石","一般","0","0","",""
"第三大陆爆率.txt","通用","251","300","五行石","一般","0","0","",""
"第三大陆爆率.txt","通用","252","1500","神·五行石","难爆","0","0","",""
"第三大陆爆率.txt","通用","253","200","杀伐神石[小]|@bl_zyjhl5","有条件的爆","1","0","","bl_zyjhl5"
"第三大陆爆率.txt","通用","254","1555","杀伐神石[大]|@bl_zyjhl5","有条件的爆","1","0","","bl_zyjhl5"
"第三大陆爆率.txt","通用","255","88","称号卷轴","好爆","0","0","",""
"第三大陆爆率.txt","通用","256","588","神石宝箱","一般","0","0","",""
"第三大陆爆率.txt","通用","257","888","藏宝图碎片","一般","0","0","",""
"第三大陆爆率.txt","通用","259","88","书页","好爆","0","0","",""
"第三大陆爆率.txt","通用小怪","263","6888","幻灵石","难爆","0","0","",""
"第三大陆爆率.txt","通用小怪","265","388","女儿红","一般","0","0","",""
"第三大陆爆率.txt","通用小怪","266","388","莲花白","一般","0","0","",""
"第三大陆爆率.txt","通用小怪","267","188","竹叶青","一般","0","0","",""
"第三大陆爆率.txt","通用小怪","268","188","百花酿","一般","0","0","",""
"第三大陆爆率.txt","通用小怪","269","188","八仙醉","一般","0","0","",""
"第三大陆爆率.txt","通用小怪","271","58","殘魂必殺甲","好爆","0","0","",""
"第三大陆爆率.txt","通用小怪","272","58","殘魂必殺刃","好爆","0","0","",""
"第三大陆爆率.txt","通用小怪","274","5","殘魂神靴","好爆","0","0","",""
"第三大陆爆率.txt","通用小怪","275","5","殘魂神带","好爆","0","0","",""
"第三大陆爆率.txt","通用小怪","276","5","殘魂神戒","好爆","0","0","",""
"第三大陆爆率.txt","通用小怪","277","5","殘魂神镯","好爆","0","0","",""
"第三大陆爆率.txt","通用小怪","278","5","殘魂神链","好爆","0","0","",""
"第三大陆爆率.txt","通用小怪","279","5","殘魂神盔","好爆","0","0","",""
"第三大陆爆率.txt","通用小怪","282","86","黄金锁子甲","好爆","0","0","",""
"第三大陆爆率.txt","通用小怪","283","86","黄金霸王斩","好爆","0","0","",""
"第三大陆爆率.txt","通用小怪","315","122","狂王披风","一般","0","0","",""
"第三大陆爆率.txt","通用小怪","316","122","霸者神兵","一般","0","0","",""
"第三大陆爆率.txt","通用小怪","350","188","天使羽衣","一般","0","0","",""
"第三大陆爆率.txt","通用小怪","351","188","审判之刃","一般","0","0","",""
"第三大陆爆率.txt","通用小怪","383","258","毁天灭地甲","一般","0","0","",""
"第三大陆爆率.txt","通用小怪","384","258","天崩地裂斩","一般","0","0","",""
"第三大陆爆率.txt","通用小怪","386","128","毁灭の灵靴","一般","0","0","",""
"第三大陆爆率.txt","通用小怪","387","128","毁灭の腰带","一般","0","0","",""
"第三大陆爆率.txt","通用小怪","388","128","毁灭の影戒","一般","0","0","",""
"第三大陆爆率.txt","通用小怪","389","128","毁灭の亡镯","一般","0","0","",""
"第三大陆爆率.txt","通用小怪","390","128","毁灭の项链","一般","0","0","",""
"第三大陆爆率.txt","通用小怪","391","128","毁灭の面罩","一般","0","0","",""
"第三大陆爆率.txt","通用小怪","394","318","神·战甲","一般","0","0","",""
"第三大陆爆率.txt","通用小怪","395","318","神·暴风","一般","0","0","",""
"第三大陆爆率.txt","通用小怪","397","168","神·破灭神靴","一般","0","0","",""
"第三大陆爆率.txt","通用小怪","398","168","神·主宰仙带","一般","0","0","",""
"第三大陆爆率.txt","通用小怪","399","168","神·创世指","一般","0","0","",""
"第三大陆爆率.txt","通用小怪","400","168","神·毁灭镯","一般","0","0","",""
"第三大陆爆率.txt","通用小怪","401","168","神·皎洁月","一般","0","0","",""
"第三大陆爆率.txt","通用小怪","402","168","神·魔王盔","一般","0","0","",""
"第三大陆爆率.txt","通用小怪","404","438","圣·战甲","一般","0","0","",""
"第三大陆爆率.txt","通用小怪","405","438","圣·暴风","一般","0","0","",""
"第三大陆爆率.txt","通用小怪","407","208","圣·皇天靴","一般","0","0","",""
"第三大陆爆率.txt","通用小怪","408","208","圣·皇天带","一般","0","0","",""
"第三大陆爆率.txt","通用小怪","409","208","圣·毁苍生","一般","0","0","",""
"第三大陆爆率.txt","通用小怪","410","208","圣·灭苍穹","一般","0","0","",""
"第三大陆爆率.txt","通用小怪","411","208","圣·飞仙链","一般","0","0","",""
"第三大陆爆率.txt","通用小怪","412","208","圣·破九天","一般","0","0","",""
"第三大陆爆率.txt","通用小怪","415","688","雄霸","一般","0","0","",""
"第三大陆爆率.txt","通用小怪","416","688","血杀","一般","0","0","",""
"第三大陆爆率.txt","通用小怪","418","288","荒古·靴","一般","0","0","",""
"第三大陆爆率.txt","通用小怪","419","288","荒古·带","一般","0","0","",""
"第三大陆爆率.txt","通用小怪","420","288","荒古·戒","一般","0","0","",""
"第三大陆爆率.txt","通用小怪","421","288","荒古·镯","一般","0","0","",""
"第三大陆爆率.txt","通用小怪","422","288","荒古·链","一般","0","0","",""
"第三大陆爆率.txt","通用小怪","423","288","荒古·盔","一般","0","0","",""
"第三大陆爆率.txt","通用小怪","426","898","心梦碎光","一般","0","0","",""
"第三大陆爆率.txt","通用小怪","427","898","梦回","一般","0","0","",""
"第三大陆爆率.txt","通用小怪","429","358","遗尘·靴","一般","0","0","",""
"第三大陆爆率.txt","通用小怪","430","358","遗尘·带","一般","0","0","",""
"第三大陆爆率.txt","通用小怪","431","358","遗尘·戒","一般","0","0","",""
"第三大陆爆率.txt","通用小怪","432","358","遗尘·镯","一般","0","0","",""
"第三大陆爆率.txt","通用小怪","433","358","遗尘·链","一般","0","0","",""
"第三大陆爆率.txt","通用小怪","434","358","遗尘·盔","一般","0","0","",""
"第三大陆爆率.txt","通用小怪","437","1588","深蓝传说","难爆","0","0","",""
"第三大陆爆率.txt","通用小怪","438","1588","千年","难爆","0","0","",""
"第三大陆爆率.txt","通用小怪","440","422","灭世·靴","一般","0","0","",""
"第三大陆爆率.txt","通用小怪","441","422","灭世·带","一般","0","0","",""
"第三大陆爆率.txt","通用小怪","442","422","灭世·戒","一般","0","0","",""
"第三大陆爆率.txt","通用小怪","443","422","灭世·手","一般","0","0","",""
"第三大陆爆率.txt","通用小怪","444","422","灭世·链","一般","0","0","",""
"第三大陆爆率.txt","通用小怪","445","422","灭世·盔","一般","0","0","",""
"第三大陆爆率.txt","通用小怪","448","3022","深蓝之恋","难爆","0","0","",""
"第三大陆爆率.txt","通用小怪","449","3022","转瞬","难爆","0","0","",""
"第三大陆爆率.txt","通用小怪","451","422","降龍·靴","一般","0","0","",""
"第三大陆爆率.txt","通用小怪","452","422","降龍·带","一般","0","0","",""
"第三大陆爆率.txt","通用小怪","453","422","降龍·指","一般","0","0","",""
"第三大陆爆率.txt","通用小怪","454","422","降龍·镯","一般","0","0","",""
"第三大陆爆率.txt","通用小怪","455","422","降龍·链","一般","0","0","",""
"第三大陆爆率.txt","通用小怪","456","422","降龍·盔","一般","0","0","",""
"第三大陆爆率.txt","通用小怪","459","5555","万里追云","难爆","0","0","",""
"第三大陆爆率.txt","通用小怪","460","5555","轮回","难爆","0","0","",""
"第三大陆爆率.txt","通用小怪","462","555","圣罗痴情·靴","一般","0","0","",""
"第三大陆爆率.txt","通用小怪","463","555","圣罗痴情·带","一般","0","0","",""
"第三大陆爆率.txt","通用小怪","464","555","圣罗痴情·戒","一般","0","0","",""
"第三大陆爆率.txt","通用小怪","465","555","圣罗痴情·镯","一般","0","0","",""
"第三大陆爆率.txt","通用小怪","466","555","圣罗痴情·链","一般","0","0","",""
"第三大陆爆率.txt","通用小怪","467","555","圣罗痴情·盔","一般","0","0","",""
"第三大陆爆率.txt","通用小怪","470","8658","金丝羽灵","难爆","0","0","",""
"第三大陆爆率.txt","通用小怪","471","8658","碧血","难爆","0","0","",""
"第三大陆爆率.txt","通用小怪","473","658","苦罗痴心·靴","一般","0","0","",""
"第三大陆爆率.txt","通用小怪","474","658","苦罗痴心·带","一般","0","0","",""
"第三大陆爆率.txt","通用小怪","475","658","苦罗痴心·戒","一般","0","0","",""
"第三大陆爆率.txt","通用小怪","476","658","苦罗痴心·镯","一般","0","0","",""
"第三大陆爆率.txt","通用小怪","477","658","苦罗痴心·链","一般","0","0","",""
"第三大陆爆率.txt","通用小怪","478","658","苦罗痴心·盔","一般","0","0","",""
"第三大陆爆率.txt","通用小怪","481","15958","碎梦涵光","难爆","0","0","",""
"第三大陆爆率.txt","通用小怪","482","15958","妖异","难爆","0","0","",""
"第三大陆爆率.txt","通用小怪","484","958","金罗痴梦·靴","一般","0","0","",""
"第三大陆爆率.txt","通用小怪","485","958","金罗痴梦·带","一般","0","0","",""
"第三大陆爆率.txt","通用小怪","486","958","金罗痴梦·戒","一般","0","0","",""
"第三大陆爆率.txt","通用小怪","487","958","金罗痴梦·镯","一般","0","0","",""
"第三大陆爆率.txt","通用小怪","488","958","金罗痴梦·链","一般","0","0","",""
"第三大陆爆率.txt","通用小怪","489","958","金罗痴梦·盔","一般","0","0","",""
"第三大陆爆率.txt","通用中怪","495","1","200W经验卷","好爆","0","0","",""
"第三大陆爆率.txt","通用中怪","496","1","200W经验卷","好爆","0","0","",""
"第三大陆爆率.txt","通用中怪","497","25","500W经验卷","好爆","0","0","",""
"第三大陆爆率.txt","通用中怪","498","588","5000W经验卷","一般","0","0","",""
"第三大陆爆率.txt","通用中怪","499","3588","2亿经验卷","难爆","0","0","",""
"第三大陆爆率.txt","通用中怪","500","588","1亿经验卷","一般","0","0","",""
"第三大陆爆率.txt","通用中怪","501","3588","2亿经验卷","难爆","0","0","",""
"第三大陆爆率.txt","通用中怪","502","9588","5亿经验卷","难爆","0","0","",""
"第三大陆爆率.txt","通用中怪","506","1","天工之锤","好爆","0","0","",""
"第三大陆爆率.txt","通用中怪","507","1","焚天石","好爆","0","0","",""
"第三大陆爆率.txt","通用中怪","508","1","天工之锤","好爆","0","0","",""
"第三大陆爆率.txt","通用中怪","509","1","焚天石","好爆","0","0","",""
"第三大陆爆率.txt","通用中怪","510","1","天工之锤","好爆","0","0","",""
"第三大陆爆率.txt","通用中怪","511","1","焚天石","好爆","0","0","",""
"第三大陆爆率.txt","通用中怪","513","5888","幻灵石","难爆","0","0","",""
"第三大陆爆率.txt","通用中怪","516","388","女儿红","一般","0","0","",""
"第三大陆爆率.txt","通用中怪","517","388","莲花白","一般","0","0","",""
"第三大陆爆率.txt","通用中怪","518","188","竹叶青","一般","0","0","",""
"第三大陆爆率.txt","通用中怪","519","188","百花酿","一般","0","0","",""
"第三大陆爆率.txt","通用中怪","520","188","八仙醉","一般","0","0","",""
"第三大陆爆率.txt","通用中怪","522","58","殘魂必殺甲","好爆","0","0","",""
"第三大陆爆率.txt","通用中怪","523","58","殘魂必殺刃","好爆","0","0","",""
"第三大陆爆率.txt","通用中怪","525","5","殘魂神靴","好爆","0","0","",""
"第三大陆爆率.txt","通用中怪","526","5","殘魂神带","好爆","0","0","",""
"第三大陆爆率.txt","通用中怪","527","5","殘魂神戒","好爆","0","0","",""
"第三大陆爆率.txt","通用中怪","528","5","殘魂神镯","好爆","0","0","",""
"第三大陆爆率.txt","通用中怪","529","5","殘魂神链","好爆","0","0","",""
"第三大陆爆率.txt","通用中怪","530","5","殘魂神盔","好爆","0","0","",""
"第三大陆爆率.txt","通用中怪","532","58","殘魂必殺甲","好爆","0","0","",""
"第三大陆爆率.txt","通用中怪","533","58","殘魂必殺刃","好爆","0","0","",""
"第三大陆爆率.txt","通用中怪","535","5","殘魂神靴","好爆","0","0","",""
"第三大陆爆率.txt","通用中怪","536","5","殘魂神带","好爆","0","0","",""
"第三大陆爆率.txt","通用中怪","537","5","殘魂神戒","好爆","0","0","",""
"第三大陆爆率.txt","通用中怪","538","5","殘魂神镯","好爆","0","0","",""
"第三大陆爆率.txt","通用中怪","539","5","殘魂神链","好爆","0","0","",""
"第三大陆爆率.txt","通用中怪","540","5","殘魂神盔","好爆","0","0","",""
"第三大陆爆率.txt","通用中怪","542","58","殘魂必殺甲","好爆","0","0","",""
"第三大陆爆率.txt","通用中怪","543","58","殘魂必殺刃","好爆","0","0","",""
"第三大陆爆率.txt","通用中怪","545","5","殘魂神靴","好爆","0","0","",""
"第三大陆爆率.txt","通用中怪","546","5","殘魂神带","好爆","0","0","",""
"第三大陆爆率.txt","通用中怪","547","5","殘魂神戒","好爆","0","0","",""
"第三大陆爆率.txt","通用中怪","548","5","殘魂神镯","好爆","0","0","",""
"第三大陆爆率.txt","通用中怪","549","5","殘魂神链","好爆","0","0","",""
"第三大陆爆率.txt","通用中怪","550","5","殘魂神盔","好爆","0","0","",""
"第三大陆爆率.txt","通用中怪","552","86","黄金锁子甲","好爆","0","0","",""
"第三大陆爆率.txt","通用中怪","553","86","黄金霸王斩","好爆","0","0","",""
"第三大陆爆率.txt","通用中怪","555","10","黄金靴子","好爆","0","0","",""
"第三大陆爆率.txt","通用中怪","556","10","黄金腰带","好爆","0","0","",""
"第三大陆爆率.txt","通用中怪","557","10","黄金瞬影戒","好爆","0","0","",""
"第三大陆爆率.txt","通用中怪","558","10","黄金银河护手","好爆","0","0","",""
"第三大陆爆率.txt","通用中怪","559","10","黄金冥王链","好爆","0","0","",""
"第三大陆爆率.txt","通用中怪","560","10","黄金幽灵盔","好爆","0","0","",""
"第三大陆爆率.txt","通用中怪","563","122","狂王披风","一般","0","0","",""
"第三大陆爆率.txt","通用中怪","564","122","霸者神兵","一般","0","0","",""
"第三大陆爆率.txt","通用中怪","566","20","震天靴子","好爆","0","0","",""
"第三大陆爆率.txt","通用中怪","567","20","震天腰带","好爆","0","0","",""
"第三大陆爆率.txt","通用中怪","568","20","震天圣戒","好爆","0","0","",""
"第三大陆爆率.txt","通用中怪","569","20","震天护手","好爆","0","0","",""
"第三大陆爆率.txt","通用中怪","570","20","震天铃铛","好爆","0","0","",""
"第三大陆爆率.txt","通用中怪","571","20","震天头盔","好爆","0","0","",""
"第三大陆爆率.txt","通用中怪","573","188","天使羽衣","一般","0","0","",""
"第三大陆爆率.txt","通用中怪","574","188","审判之刃","一般","0","0","",""
"第三大陆爆率.txt","通用中怪","576","38","天使神靴","好爆","0","0","",""
"第三大陆爆率.txt","通用中怪","577","38","天使腰带","好爆","0","0","",""
"第三大陆爆率.txt","通用中怪","578","38","天使圣戒","好爆","0","0","",""
"第三大陆爆率.txt","通用中怪","579","38","天使旭日手","好爆","0","0","",""
"第三大陆爆率.txt","通用中怪","580","38","天使如意链","好爆","0","0","",""
"第三大陆爆率.txt","通用中怪","581","38","天使宝冠","好爆","0","0","",""
"第三大陆爆率.txt","通用中怪","583","258","毁天灭地甲","一般","0","0","",""
"第三大陆爆率.txt","通用中怪","584","258","天崩地裂斩","一般","0","0","",""
"第三大陆爆率.txt","通用中怪","586","128","毁灭の灵靴","一般","0","0","",""
"第三大陆爆率.txt","通用中怪","587","128","毁灭の腰带","一般","0","0","",""
"第三大陆爆率.txt","通用中怪","588","128","毁灭の影戒","一般","0","0","",""
"第三大陆爆率.txt","通用中怪","589","128","毁灭の亡镯","一般","0","0","",""
"第三大陆爆率.txt","通用中怪","590","128","毁灭の项链","一般","0","0","",""
"第三大陆爆率.txt","通用中怪","591","128","毁灭の面罩","一般","0","0","",""
"第三大陆爆率.txt","通用中怪","594","318","神·战甲","一般","0","0","",""
"第三大陆爆率.txt","通用中怪","595","318","神·暴风","一般","0","0","",""
"第三大陆爆率.txt","通用中怪","597","168","神·破灭神靴","一般","0","0","",""
"第三大陆爆率.txt","通用中怪","598","168","神·主宰仙带","一般","0","0","",""
"第三大陆爆率.txt","通用中怪","599","168","神·创世指","一般","0","0","",""
"第三大陆爆率.txt","通用中怪","600","168","神·毁灭镯","一般","0","0","",""
"第三大陆爆率.txt","通用中怪","601","168","神·皎洁月","一般","0","0","",""
"第三大陆爆率.txt","通用中怪","602","168","神·魔王盔","一般","0","0","",""
"第三大陆爆率.txt","通用中怪","604","438","圣·战甲","一般","0","0","",""
"第三大陆爆率.txt","通用中怪","605","438","圣·暴风","一般","0","0","",""
"第三大陆爆率.txt","通用中怪","607","208","圣·皇天靴","一般","0","0","",""
"第三大陆爆率.txt","通用中怪","608","208","圣·皇天带","一般","0","0","",""
"第三大陆爆率.txt","通用中怪","609","208","圣·毁苍生","一般","0","0","",""
"第三大陆爆率.txt","通用中怪","610","208","圣·灭苍穹","一般","0","0","",""
"第三大陆爆率.txt","通用中怪","611","208","圣·飞仙链","一般","0","0","",""
"第三大陆爆率.txt","通用中怪","612","208","圣·破九天","一般","0","0","",""
"第三大陆爆率.txt","通用中怪","615","688","雄霸","一般","0","0","",""
"第三大陆爆率.txt","通用中怪","616","688","血杀","一般","0","0","",""
"第三大陆爆率.txt","通用中怪","618","288","荒古·靴","一般","0","0","",""
"第三大陆爆率.txt","通用中怪","619","288","荒古·带","一般","0","0","",""
"第三大陆爆率.txt","通用中怪","620","288","荒古·戒","一般","0","0","",""
"第三大陆爆率.txt","通用中怪","621","288","荒古·镯","一般","0","0","",""
"第三大陆爆率.txt","通用中怪","622","288","荒古·链","一般","0","0","",""
"第三大陆爆率.txt","通用中怪","623","288","荒古·盔","一般","0","0","",""
"第三大陆爆率.txt","通用中怪","626","898","心梦碎光","一般","0","0","",""
"第三大陆爆率.txt","通用中怪","627","898","梦回","一般","0","0","",""
"第三大陆爆率.txt","通用中怪","629","358","遗尘·靴","一般","0","0","",""
"第三大陆爆率.txt","通用中怪","630","358","遗尘·带","一般","0","0","",""
"第三大陆爆率.txt","通用中怪","631","358","遗尘·戒","一般","0","0","",""
"第三大陆爆率.txt","通用中怪","632","358","遗尘·镯","一般","0","0","",""
"第三大陆爆率.txt","通用中怪","633","358","遗尘·链","一般","0","0","",""
"第三大陆爆率.txt","通用中怪","634","358","遗尘·盔","一般","0","0","",""
"第三大陆爆率.txt","通用中怪","637","1588","深蓝传说","难爆","0","0","",""
"第三大陆爆率.txt","通用中怪","638","1588","千年","难爆","0","0","",""
"第三大陆爆率.txt","通用中怪","640","422","灭世·靴","一般","0","0","",""
"第三大陆爆率.txt","通用中怪","641","422","灭世·带","一般","0","0","",""
"第三大陆爆率.txt","通用中怪","642","422","灭世·戒","一般","0","0","",""
"第三大陆爆率.txt","通用中怪","643","422","灭世·手","一般","0","0","",""
"第三大陆爆率.txt","通用中怪","644","422","灭世·链","一般","0","0","",""
"第三大陆爆率.txt","通用中怪","645","422","灭世·盔","一般","0","0","",""
"第三大陆爆率.txt","通用中怪","648","3022","深蓝之恋","难爆","0","0","",""
"第三大陆爆率.txt","通用中怪","649","3022","转瞬","难爆","0","0","",""
"第三大陆爆率.txt","通用中怪","651","422","降龍·靴","一般","0","0","",""
"第三大陆爆率.txt","通用中怪","652","422","降龍·带","一般","0","0","",""
"第三大陆爆率.txt","通用中怪","653","422","降龍·指","一般","0","0","",""
"第三大陆爆率.txt","通用中怪","654","422","降龍·镯","一般","0","0","",""
"第三大陆爆率.txt","通用中怪","655","422","降龍·链","一般","0","0","",""
"第三大陆爆率.txt","通用中怪","656","422","降龍·盔","一般","0","0","",""
"第三大陆爆率.txt","通用中怪","659","5555","万里追云","难爆","0","0","",""
"第三大陆爆率.txt","通用中怪","660","5555","轮回","难爆","0","0","",""
"第三大陆爆率.txt","通用中怪","662","555","圣罗痴情·靴","一般","0","0","",""
"第三大陆爆率.txt","通用中怪","663","555","圣罗痴情·带","一般","0","0","",""
"第三大陆爆率.txt","通用中怪","664","555","圣罗痴情·戒","一般","0","0","",""
"第三大陆爆率.txt","通用中怪","665","555","圣罗痴情·镯","一般","0","0","",""
"第三大陆爆率.txt","通用中怪","666","555","圣罗痴情·链","一般","0","0","",""
"第三大陆爆率.txt","通用中怪","667","555","圣罗痴情·盔","一般","0","0","",""
"第三大陆爆率.txt","通用中怪","670","8658","金丝羽灵","难爆","0","0","",""
"第三大陆爆率.txt","通用中怪","671","8658","碧血","难爆","0","0","",""
"第三大陆爆率.txt","通用中怪","673","658","苦罗痴心·靴","一般","0","0","",""
"第三大陆爆率.txt","通用中怪","674","658","苦罗痴心·带","一般","0","0","",""
"第三大陆爆率.txt","通用中怪","675","658","苦罗痴心·戒","一般","0","0","",""
"第三大陆爆率.txt","通用中怪","676","658","苦罗痴心·镯","一般","0","0","",""
"第三大陆爆率.txt","通用中怪","677","658","苦罗痴心·链","一般","0","0","",""
"第三大陆爆率.txt","通用中怪","678","658","苦罗痴心·盔","一般","0","0","",""
"第三大陆爆率.txt","通用中怪","681","15958","碎梦涵光","难爆","0","0","",""
"第三大陆爆率.txt","通用中怪","682","15958","妖异","难爆","0","0","",""
"第三大陆爆率.txt","通用中怪","684","958","金罗痴梦·靴","一般","0","0","",""
"第三大陆爆率.txt","通用中怪","685","958","金罗痴梦·带","一般","0","0","",""
"第三大陆爆率.txt","通用中怪","686","958","金罗痴梦·戒","一般","0","0","",""
"第三大陆爆率.txt","通用中怪","687","958","金罗痴梦·镯","一般","0","0","",""
"第三大陆爆率.txt","通用中怪","688","958","金罗痴梦·链","一般","0","0","",""
"第三大陆爆率.txt","通用中怪","689","958","金罗痴梦·盔","一般","0","0","",""
"第三大陆爆率.txt","通用中怪","693","888888","月如歌","难爆","0","0","",""
"第三大陆爆率.txt","通用中怪","694","888888","月中寒","难爆","0","0","",""
"第三大陆爆率.txt","通用中怪","695","888888","弑道焚心","难爆","0","0","",""
"第三大陆爆率.txt","通用中怪","696","888888","万劫归墟","难爆","0","0","",""
"第三大陆爆率.txt","通用中怪","697","888888","鸿蒙初判","难爆","0","0","",""
"第三大陆爆率.txt","通用中怪","701","58888","青霄剑舞","有条件的爆","1","1","U225 > 1000",""
"第三大陆爆率.txt","通用中怪","703","3888","冥炎之戒","难爆","0","0","",""
"第三大陆爆率.txt","通用中怪","704","3888","无影梦链","难爆","0","0","",""
"第三大陆爆率.txt","通用中怪","705","3888","星辰冕冠","难爆","0","0","",""
"第三大陆爆率.txt","通用中怪","706","3888","夜行","难爆","0","0","",""
"第三大陆爆率.txt","通用中怪","707","3888","野蛮","难爆","0","0","",""
"第三大陆爆率.txt","通用中怪","708","3888","羽化仙","难爆","0","0","",""
"第三大陆爆率.txt","通用中怪","709","13588","幻梦池","难爆","0","0","",""
"第三大陆爆率.txt","通用中怪","710","13588","疾风追星","难爆","0","0","",""
"第三大陆爆率.txt","通用中怪","711","13588","破碎轮回","难爆","0","0","",""
"第三大陆爆率.txt","通用中怪","712","62888","紫电","难爆","0","0","",""
"第三大陆爆率.txt","通用中怪","713","188","黑日","一般","0","0","",""
"第三大陆爆率.txt","通用中怪","714","188","不朽","一般","0","0","",""
"第三大陆爆率.txt","通用中怪","715","188","血系结罗","一般","0","0","",""
"第三大陆爆率.txt","通用中怪","716","188","湿婆业舞","一般","0","0","",""
"第三大陆爆率.txt","通用中怪","717","188","王权","一般","0","0","",""
"第三大陆爆率.txt","通用中怪","718","188","君焰","一般","0","0","",""
"第三大陆爆率.txt","通用中怪","719","288","风王之瞳","一般","0","0","",""
"第三大陆爆率.txt","通用中怪","720","288","轮回之力","一般","0","0","",""
"第三大陆爆率.txt","通用中怪","721","288","自闭圆顿裹","一般","0","0","",""
"第三大陆爆率.txt","通用中怪","722","288","怠惰の罪","一般","0","0","",""
"第三大陆爆率.txt","通用中怪","723","688","弑序亲王","一般","0","0","",""
"第三大陆爆率.txt","通用中怪","724","688","命运之轮","一般","0","0","",""
"第三大陆爆率.txt","通用中怪","725","688","星空·道极","一般","0","0","",""
"第三大陆爆率.txt","通用中怪","726","688","死之藤蔓","一般","0","0","",""
"第三大陆爆率.txt","通用中怪","727","688","流明","一般","0","0","",""
"第三大陆爆率.txt","通用中怪","728","688","旧日支配者","一般","0","0","",""
"第三大陆爆率.txt","通用中怪","729","988","耶梦加得","一般","0","0","",""
"第三大陆爆率.txt","通用中怪","730","988","尼德霍格","一般","0","0","",""
"第三大陆爆率.txt","通用中怪","731","988","血の恩赐","一般","0","0","",""
"第三大陆爆率.txt","通用中怪","732","988","黑炎牢狱","一般","0","0","",""
"第三大陆爆率.txt","通用中怪","733","1588","星辰神器","难爆","0","0","",""
"第三大陆爆率.txt","通用中怪","734","1588","此下众生","难爆","0","0","",""
"第三大陆爆率.txt","通用中怪","735","1588","此上无人","难爆","0","0","",""
"第三大陆爆率.txt","通用中怪","736","1588","烟雨醉浮生","难爆","0","0","",""
"第三大陆爆率.txt","通用中怪","737","1588","落花三千","难爆","0","0","",""
"第三大陆爆率.txt","通用中怪","738","1588","流水无情","难爆","0","0","",""
"第三大陆爆率.txt","通用中怪","739","2588","世界树灵枝","难爆","0","0","",""
"第三大陆爆率.txt","通用中怪","740","2588","午夜虹吸","难爆","0","0","",""
"第三大陆爆率.txt","通用中怪","741","2588","王之蔑视","难爆","0","0","",""
"第三大陆爆率.txt","通用中怪","742","2588","特修斯の魔","难爆","0","0","",""
"第三大陆爆率.txt","通用中怪","743","388","狂·崆峒靴子","一般","0","0","",""
"第三大陆爆率.txt","通用中怪","744","388","狂·崆峒腰带","一般","0","0","",""
"第三大陆爆率.txt","通用中怪","745","388","狂·崆峒戒指","一般","0","0","",""
"第三大陆爆率.txt","通用中怪","746","388","狂·崆峒手镯","一般","0","0","",""
"第三大陆爆率.txt","通用中怪","747","388","狂·崆峒项链","一般","0","0","",""
"第三大陆爆率.txt","通用中怪","748","388","狂·崆峒头盔","一般","0","0","",""
"第三大陆爆率.txt","通用中怪","749","1288","暴·乾坤靴子","难爆","0","0","",""
"第三大陆爆率.txt","通用中怪","750","1288","暴·乾坤腰带","难爆","0","0","",""
"第三大陆爆率.txt","通用中怪","751","1288","暴·乾坤戒指","难爆","0","0","",""
"第三大陆爆率.txt","通用中怪","752","1288","暴·乾坤手镯","难爆","0","0","",""
"第三大陆爆率.txt","通用中怪","753","1288","暴·乾坤项链","难爆","0","0","",""
"第三大陆爆率.txt","通用中怪","754","1288","暴·乾坤头盔","难爆","0","0","",""
"第三大陆爆率.txt","通用中怪","755","3888","神·神龙靴子","难爆","0","0","",""
"第三大陆爆率.txt","通用中怪","756","3888","神·神龙腰带","难爆","0","0","",""
"第三大陆爆率.txt","通用中怪","757","3888","神·神龙戒指","难爆","0","0","",""
"第三大陆爆率.txt","通用中怪","758","3888","神·神龙手镯","难爆","0","0","",""
"第三大陆爆率.txt","通用中怪","759","3888","神·神龙项链","难爆","0","0","",""
"第三大陆爆率.txt","通用中怪","760","3888","神·神龙头盔","难爆","0","0","",""
"第三大陆爆率.txt","通用中怪","761","2555","雷霆幻","难爆","0","0","",""
"第三大陆爆率.txt","通用中怪","762","2555","龙鳞震岳","难爆","0","0","",""
"第三大陆爆率.txt","通用中怪","763","2555","啸风逐电","难爆","0","0","",""
"第三大陆爆率.txt","通用中怪","764","2555","天罚雷击","难爆","0","0","",""
"第三大陆爆率.txt","通用中怪","765","2555","烈焰焚天","难爆","0","0","",""
"第三大陆爆率.txt","通用中怪","766","2555","霜雪之间","难爆","0","0","",""
"第三大陆爆率.txt","通用中怪","767","1088","雪隐残锋","难爆","0","0","",""
"第三大陆爆率.txt","通用中怪","768","1088","惊雷震世","难爆","0","0","",""
"第三大陆爆率.txt","通用中怪","769","1088","烬海残光","难爆","0","0","",""
"第三大陆爆率.txt","通用中怪","770","1088","苍穹寂灭","难爆","0","0","",""
"第三大陆爆率.txt","通用中怪","771","1088","月华流影","难爆","0","0","",""
"第三大陆爆率.txt","通用中怪","772","1088","傲霜孤","难爆","0","0","",""
"第三大陆爆率.txt","通用中怪","773","1088","炽焰护腕","难爆","0","0","",""
"第三大陆爆率.txt","通用中怪","774","1088","烈焰指环","难爆","0","0","",""
"第三大陆爆率.txt","通用中怪","775","1088","王权圣戒","难爆","0","0","",""
"第三大陆爆率.txt","通用中怪","776","1088","龙魂吊坠","难爆","0","0","",""
"第三大陆爆率.txt","通用中怪","817","14988888","神农百草令","有条件的爆","1","1","U225 > 2000",""
"第三大陆爆率.txt","通用中怪","818","14988888","伏羲八卦印","有条件的爆","1","1","U225 > 2000",""
"第三大陆爆率.txt","通用中怪","819","14988888","女娲补天石","有条件的爆","1","1","U225 > 2000",""
"第三大陆爆率.txt","通用中怪","820","14988888","盘古遗泽","有条件的爆","1","1","U225 > 2000",""
"第三大陆爆率.txt","通用中怪","821","14988888","先天一气","有条件的爆","1","1","U225 > 2000",""
"第三大陆爆率.txt","通用中怪","822","14988888","太初灵韵","有条件的爆","1","1","U225 > 2000",""
"第三大陆爆率.txt","通用中怪","823","14988888","卐卐正道鏡卐卐","有条件的爆","1","1","U225 > 2000",""
"第三大陆爆率.txt","通用中怪","824","14988888","卐卐提魂锁卐卐","有条件的爆","1","1","U225 > 2000",""
"第三大陆爆率.txt","通用中怪","825","14988888","△△雷道天卷△△","有条件的爆","1","1","U225 > 2000",""
"第三大陆爆率.txt","通用中怪","826","14988888","△△玄天令△△","有条件的爆","1","1","U225 > 2000",""
"第三大陆爆率.txt","通用中怪","827","14988888","▲▲火雲真經▲▲","有条件的爆","1","1","U225 > 2000",""
"第三大陆爆率.txt","通用中怪","828","14988888","▲▲水鏡太極▲▲","有条件的爆","1","1","U225 > 2000",""
"第三大陆爆率.txt","通用中怪","829","14988888","‖「谣影神靴」‖","有条件的爆","1","1","U225 > 2000",""
"第三大陆爆率.txt","通用中怪","830","14988888","‖「太清流珠」‖","有条件的爆","1","1","U225 > 2000",""
"第三大陆爆率.txt","通用中怪","858","14988888","神农百草令","有条件的爆","1","1","U225 > 5000",""
"第三大陆爆率.txt","通用中怪","859","14988888","伏羲八卦印","有条件的爆","1","1","U225 > 5000",""
"第三大陆爆率.txt","通用中怪","860","14988888","女娲补天石","有条件的爆","1","1","U225 > 5000",""
"第三大陆爆率.txt","通用中怪","861","14988888","盘古遗泽","有条件的爆","1","1","U225 > 5000",""
"第三大陆爆率.txt","通用中怪","862","14988888","先天一气","有条件的爆","1","1","U225 > 5000",""
"第三大陆爆率.txt","通用中怪","863","14988888","太初灵韵","有条件的爆","1","1","U225 > 5000",""
"第三大陆爆率.txt","通用中怪","864","14988888","卐卐正道鏡卐卐","有条件的爆","1","1","U225 > 5000",""
"第三大陆爆率.txt","通用中怪","865","14988888","卐卐提魂锁卐卐","有条件的爆","1","1","U225 > 5000",""
"第三大陆爆率.txt","通用中怪","866","14988888","△△雷道天卷△△","有条件的爆","1","1","U225 > 5000",""
"第三大陆爆率.txt","通用中怪","867","14988888","△△玄天令△△","有条件的爆","1","1","U225 > 5000",""
"第三大陆爆率.txt","通用中怪","868","14988888","▲▲火雲真經▲▲","有条件的爆","1","1","U225 > 5000",""
"第三大陆爆率.txt","通用中怪","869","14988888","▲▲水鏡太極▲▲","有条件的爆","1","1","U225 > 5000",""
"第三大陆爆率.txt","通用中怪","870","14988888","‖「谣影神靴」‖","有条件的爆","1","1","U225 > 5000",""
"第三大陆爆率.txt","通用中怪","871","14988888","‖「太清流珠」‖","有条件的爆","1","1","U225 > 5000",""
"第三大陆爆率.txt","通用大怪","880","1","200W经验卷","好爆","0","0","",""
"第三大陆爆率.txt","通用大怪","881","1","200W经验卷","好爆","0","0","",""
"第三大陆爆率.txt","通用大怪","882","1","500W经验卷","好爆","0","0","",""
"第三大陆爆率.txt","通用大怪","883","1","500W经验卷","好爆","0","0","",""
"第三大陆爆率.txt","通用大怪","884","68","500W经验卷","好爆","0","0","",""
"第三大陆爆率.txt","通用大怪","885","98","1000W经验卷","好爆","0","0","",""
"第三大陆爆率.txt","通用大怪","886","3588","2亿经验卷","难爆","0","0","",""
"第三大陆爆率.txt","通用大怪","887","588","1亿经验卷","一般","0","0","",""
"第三大陆爆率.txt","通用大怪","888","3588","2亿经验卷","难爆","0","0","",""
"第三大陆爆率.txt","通用大怪","889","9588","5亿经验卷","难爆","0","0","",""
"第三大陆爆率.txt","通用大怪","890","9588","5亿经验卷","难爆","0","0","",""
"第三大陆爆率.txt","通用大怪","893","1","元宝[20]","好爆","0","0","",""
"第三大陆爆率.txt","通用大怪","894","1","元宝[50]","好爆","0","0","",""
"第三大陆爆率.txt","通用大怪","895","5","元宝[100]","好爆","0","0","",""
"第三大陆爆率.txt","通用大怪","896","1","金币(小)","好爆","0","0","",""
"第三大陆爆率.txt","通用大怪","897","3","金币(小)","好爆","0","0","",""
"第三大陆爆率.txt","通用大怪","898","5","金币(中)","好爆","0","0","",""
"第三大陆爆率.txt","通用大怪","900","1","元宝[10]","好爆","0","0","",""
"第三大陆爆率.txt","通用大怪","901","1","元宝[10]","好爆","0","0","",""
"第三大陆爆率.txt","通用大怪","902","1","元宝[10]","好爆","0","0","",""
"第三大陆爆率.txt","通用大怪","903","1","元宝[10]","好爆","0","0","",""
"第三大陆爆率.txt","通用大怪","904","5","元宝[20]","好爆","0","0","",""
"第三大陆爆率.txt","通用大怪","905","1","金币(小)","好爆","0","0","",""
"第三大陆爆率.txt","通用大怪","906","3","金币(小)","好爆","0","0","",""
"第三大陆爆率.txt","通用大怪","907","5","金币(中)","好爆","0","0","",""
"第三大陆爆率.txt","通用大怪","911","1","天工之锤","好爆","0","0","",""
"第三大陆爆率.txt","通用大怪","912","1","焚天石","好爆","0","0","",""
"第三大陆爆率.txt","通用大怪","913","1","天工之锤","好爆","0","0","",""
"第三大陆爆率.txt","通用大怪","914","1","焚天石","好爆","0","0","",""
"第三大陆爆率.txt","通用大怪","915","1","天工之锤","好爆","0","0","",""
"第三大陆爆率.txt","通用大怪","916","1","焚天石","好爆","0","0","",""
"第三大陆爆率.txt","通用大怪","917","1","天工之锤","好爆","0","0","",""
"第三大陆爆率.txt","通用大怪","918","1","焚天石","好爆","0","0","",""
"第三大陆爆率.txt","通用大怪","920","33","幻灵水晶","好爆","0","0","",""
"第三大陆爆率.txt","通用大怪","921","1888","幻灵石","难爆","0","0","",""
"第三大陆爆率.txt","通用大怪","923","18","女儿红","好爆","0","0","",""
"第三大陆爆率.txt","通用大怪","924","18","莲花白","好爆","0","0","",""
"第三大陆爆率.txt","通用大怪","925","18","竹叶青","好爆","0","0","",""
"第三大陆爆率.txt","通用大怪","926","18","百花酿","好爆","0","0","",""
"第三大陆爆率.txt","通用大怪","927","18","八仙醉","好爆","0","0","",""
"第三大陆爆率.txt","通用大怪","929","58","殘魂必殺甲","好爆","0","0","",""
"第三大陆爆率.txt","通用大怪","930","58","殘魂必殺刃","好爆","0","0","",""
"第三大陆爆率.txt","通用大怪","932","5","殘魂神靴","好爆","0","0","",""
"第三大陆爆率.txt","通用大怪","933","5","殘魂神带","好爆","0","0","",""
"第三大陆爆率.txt","通用大怪","934","5","殘魂神戒","好爆","0","0","",""
"第三大陆爆率.txt","通用大怪","935","5","殘魂神镯","好爆","0","0","",""
"第三大陆爆率.txt","通用大怪","936","5","殘魂神链","好爆","0","0","",""
"第三大陆爆率.txt","通用大怪","937","5","殘魂神盔","好爆","0","0","",""
"第三大陆爆率.txt","通用大怪","939","58","殘魂必殺甲","好爆","0","0","",""
"第三大陆爆率.txt","通用大怪","940","58","殘魂必殺刃","好爆","0","0","",""
"第三大陆爆率.txt","通用大怪","942","5","殘魂神靴","好爆","0","0","",""
"第三大陆爆率.txt","通用大怪","943","5","殘魂神带","好爆","0","0","",""
"第三大陆爆率.txt","通用大怪","944","5","殘魂神戒","好爆","0","0","",""
"第三大陆爆率.txt","通用大怪","945","5","殘魂神镯","好爆","0","0","",""
"第三大陆爆率.txt","通用大怪","946","5","殘魂神链","好爆","0","0","",""
"第三大陆爆率.txt","通用大怪","947","5","殘魂神盔","好爆","0","0","",""
"第三大陆爆率.txt","通用大怪","949","58","殘魂必殺甲","好爆","0","0","",""
"第三大陆爆率.txt","通用大怪","950","58","殘魂必殺刃","好爆","0","0","",""
"第三大陆爆率.txt","通用大怪","952","5","殘魂神靴","好爆","0","0","",""
"第三大陆爆率.txt","通用大怪","953","5","殘魂神带","好爆","0","0","",""
"第三大陆爆率.txt","通用大怪","954","5","殘魂神戒","好爆","0","0","",""
"第三大陆爆率.txt","通用大怪","955","5","殘魂神镯","好爆","0","0","",""
"第三大陆爆率.txt","通用大怪","956","5","殘魂神链","好爆","0","0","",""
"第三大陆爆率.txt","通用大怪","957","5","殘魂神盔","好爆","0","0","",""
"第三大陆爆率.txt","通用大怪","959","86","黄金锁子甲","好爆","0","0","",""
"第三大陆爆率.txt","通用大怪","960","86","黄金霸王斩","好爆","0","0","",""
"第三大陆爆率.txt","通用大怪","962","10","黄金靴子","好爆","0","0","",""
"第三大陆爆率.txt","通用大怪","963","10","黄金腰带","好爆","0","0","",""
"第三大陆爆率.txt","通用大怪","964","10","黄金瞬影戒","好爆","0","0","",""
"第三大陆爆率.txt","通用大怪","965","10","黄金银河护手","好爆","0","0","",""
"第三大陆爆率.txt","通用大怪","966","10","黄金冥王链","好爆","0","0","",""
"第三大陆爆率.txt","通用大怪","967","10","黄金幽灵盔","好爆","0","0","",""
"第三大陆爆率.txt","通用大怪","970","122","狂王披风","一般","0","0","",""
"第三大陆爆率.txt","通用大怪","971","122","霸者神兵","一般","0","0","",""
"第三大陆爆率.txt","通用大怪","973","20","震天靴子","好爆","0","0","",""
"第三大陆爆率.txt","通用大怪","974","20","震天腰带","好爆","0","0","",""
"第三大陆爆率.txt","通用大怪","975","20","震天圣戒","好爆","0","0","",""
"第三大陆爆率.txt","通用大怪","976","20","震天护手","好爆","0","0","",""
"第三大陆爆率.txt","通用大怪","977","20","震天铃铛","好爆","0","0","",""
"第三大陆爆率.txt","通用大怪","978","20","震天头盔","好爆","0","0","",""
"第三大陆爆率.txt","通用大怪","980","188","天使羽衣","一般","0","0","",""
"第三大陆爆率.txt","通用大怪","981","188","审判之刃","一般","0","0","",""
"第三大陆爆率.txt","通用大怪","983","38","天使神靴","好爆","0","0","",""
"第三大陆爆率.txt","通用大怪","984","38","天使腰带","好爆","0","0","",""
"第三大陆爆率.txt","通用大怪","985","38","天使圣戒","好爆","0","0","",""
"第三大陆爆率.txt","通用大怪","986","38","天使旭日手","好爆","0","0","",""
"第三大陆爆率.txt","通用大怪","987","38","天使如意链","好爆","0","0","",""
"第三大陆爆率.txt","通用大怪","988","38","天使宝冠","好爆","0","0","",""
"第三大陆爆率.txt","通用大怪","990","258","毁天灭地甲","一般","0","0","",""
"第三大陆爆率.txt","通用大怪","991","258","天崩地裂斩","一般","0","0","",""
"第三大陆爆率.txt","通用大怪","993","128","毁灭の灵靴","一般","0","0","",""
"第三大陆爆率.txt","通用大怪","994","128","毁灭の腰带","一般","0","0","",""
"第三大陆爆率.txt","通用大怪","995","128","毁灭の影戒","一般","0","0","",""
"第三大陆爆率.txt","通用大怪","996","128","毁灭の亡镯","一般","0","0","",""
"第三大陆爆率.txt","通用大怪","997","128","毁灭の项链","一般","0","0","",""
"第三大陆爆率.txt","通用大怪","998","128","毁灭の面罩","一般","0","0","",""
"第三大陆爆率.txt","通用大怪","1001","318","神·战甲","一般","0","0","",""
"第三大陆爆率.txt","通用大怪","1002","318","神·暴风","一般","0","0","",""
"第三大陆爆率.txt","通用大怪","1004","168","神·破灭神靴","一般","0","0","",""
"第三大陆爆率.txt","通用大怪","1005","168","神·主宰仙带","一般","0","0","",""
"第三大陆爆率.txt","通用大怪","1006","168","神·创世指","一般","0","0","",""
"第三大陆爆率.txt","通用大怪","1007","168","神·毁灭镯","一般","0","0","",""
"第三大陆爆率.txt","通用大怪","1008","168","神·皎洁月","一般","0","0","",""
"第三大陆爆率.txt","通用大怪","1009","168","神·魔王盔","一般","0","0","",""
"第三大陆爆率.txt","通用大怪","1011","438","圣·战甲","一般","0","0","",""
"第三大陆爆率.txt","通用大怪","1012","438","圣·暴风","一般","0","0","",""
"第三大陆爆率.txt","通用大怪","1014","208","圣·皇天靴","一般","0","0","",""
"第三大陆爆率.txt","通用大怪","1015","208","圣·皇天带","一般","0","0","",""
"第三大陆爆率.txt","通用大怪","1016","208","圣·毁苍生","一般","0","0","",""
"第三大陆爆率.txt","通用大怪","1017","208","圣·灭苍穹","一般","0","0","",""
"第三大陆爆率.txt","通用大怪","1018","208","圣·飞仙链","一般","0","0","",""
"第三大陆爆率.txt","通用大怪","1019","208","圣·破九天","一般","0","0","",""
"第三大陆爆率.txt","通用大怪","1022","688","雄霸","一般","0","0","",""
"第三大陆爆率.txt","通用大怪","1023","688","血杀","一般","0","0","",""
"第三大陆爆率.txt","通用大怪","1025","288","荒古·靴","一般","0","0","",""
"第三大陆爆率.txt","通用大怪","1026","288","荒古·带","一般","0","0","",""
"第三大陆爆率.txt","通用大怪","1027","288","荒古·戒","一般","0","0","",""
"第三大陆爆率.txt","通用大怪","1028","288","荒古·镯","一般","0","0","",""
"第三大陆爆率.txt","通用大怪","1029","288","荒古·链","一般","0","0","",""
"第三大陆爆率.txt","通用大怪","1030","288","荒古·盔","一般","0","0","",""
"第三大陆爆率.txt","通用大怪","1033","898","心梦碎光","一般","0","0","",""
"第三大陆爆率.txt","通用大怪","1034","898","梦回","一般","0","0","",""
"第三大陆爆率.txt","通用大怪","1036","358","遗尘·靴","一般","0","0","",""
"第三大陆爆率.txt","通用大怪","1037","358","遗尘·带","一般","0","0","",""
"第三大陆爆率.txt","通用大怪","1038","358","遗尘·戒","一般","0","0","",""
"第三大陆爆率.txt","通用大怪","1039","358","遗尘·镯","一般","0","0","",""
"第三大陆爆率.txt","通用大怪","1040","358","遗尘·链","一般","0","0","",""
"第三大陆爆率.txt","通用大怪","1041","358","遗尘·盔","一般","0","0","",""
"第三大陆爆率.txt","通用大怪","1044","1588","深蓝传说","难爆","0","0","",""
"第三大陆爆率.txt","通用大怪","1045","1588","千年","难爆","0","0","",""
"第三大陆爆率.txt","通用大怪","1047","422","灭世·靴","一般","0","0","",""
"第三大陆爆率.txt","通用大怪","1048","422","灭世·带","一般","0","0","",""
"第三大陆爆率.txt","通用大怪","1049","422","灭世·戒","一般","0","0","",""
"第三大陆爆率.txt","通用大怪","1050","422","灭世·手","一般","0","0","",""
"第三大陆爆率.txt","通用大怪","1051","422","灭世·链","一般","0","0","",""
"第三大陆爆率.txt","通用大怪","1052","422","灭世·盔","一般","0","0","",""
"第三大陆爆率.txt","通用大怪","1055","3022","深蓝之恋","难爆","0","0","",""
"第三大陆爆率.txt","通用大怪","1056","3022","转瞬","难爆","0","0","",""
"第三大陆爆率.txt","通用大怪","1058","422","降龍·靴","一般","0","0","",""
"第三大陆爆率.txt","通用大怪","1059","422","降龍·带","一般","0","0","",""
"第三大陆爆率.txt","通用大怪","1060","422","降龍·指","一般","0","0","",""
"第三大陆爆率.txt","通用大怪","1061","422","降龍·镯","一般","0","0","",""
"第三大陆爆率.txt","通用大怪","1062","422","降龍·链","一般","0","0","",""
"第三大陆爆率.txt","通用大怪","1063","422","降龍·盔","一般","0","0","",""
"第三大陆爆率.txt","通用大怪","1066","5555","万里追云","难爆","0","0","",""
"第三大陆爆率.txt","通用大怪","1067","5555","轮回","难爆","0","0","",""
"第三大陆爆率.txt","通用大怪","1069","555","圣罗痴情·靴","一般","0","0","",""
"第三大陆爆率.txt","通用大怪","1070","555","圣罗痴情·带","一般","0","0","",""
"第三大陆爆率.txt","通用大怪","1071","555","圣罗痴情·戒","一般","0","0","",""
"第三大陆爆率.txt","通用大怪","1072","555","圣罗痴情·镯","一般","0","0","",""
"第三大陆爆率.txt","通用大怪","1073","555","圣罗痴情·链","一般","0","0","",""
"第三大陆爆率.txt","通用大怪","1074","555","圣罗痴情·盔","一般","0","0","",""
"第三大陆爆率.txt","通用大怪","1077","8658","金丝羽灵","难爆","0","0","",""
"第三大陆爆率.txt","通用大怪","1078","8658","碧血","难爆","0","0","",""
"第三大陆爆率.txt","通用大怪","1080","658","苦罗痴心·靴","一般","0","0","",""
"第三大陆爆率.txt","通用大怪","1081","658","苦罗痴心·带","一般","0","0","",""
"第三大陆爆率.txt","通用大怪","1082","658","苦罗痴心·戒","一般","0","0","",""
"第三大陆爆率.txt","通用大怪","1083","658","苦罗痴心·镯","一般","0","0","",""
"第三大陆爆率.txt","通用大怪","1084","658","苦罗痴心·链","一般","0","0","",""
"第三大陆爆率.txt","通用大怪","1085","658","苦罗痴心·盔","一般","0","0","",""
"第三大陆爆率.txt","通用大怪","1088","15958","碎梦涵光","难爆","0","0","",""
"第三大陆爆率.txt","通用大怪","1089","15958","妖异","难爆","0","0","",""
"第三大陆爆率.txt","通用大怪","1091","958","金罗痴梦·靴","一般","0","0","",""
"第三大陆爆率.txt","通用大怪","1092","958","金罗痴梦·带","一般","0","0","",""
"第三大陆爆率.txt","通用大怪","1093","958","金罗痴梦·戒","一般","0","0","",""
"第三大陆爆率.txt","通用大怪","1094","958","金罗痴梦·镯","一般","0","0","",""
"第三大陆爆率.txt","通用大怪","1095","958","金罗痴梦·链","一般","0","0","",""
"第三大陆爆率.txt","通用大怪","1096","958","金罗痴梦·盔","一般","0","0","",""
"第三大陆爆率.txt","通用大怪","1102","38888","鬼影","有条件的爆","1","1","U225 > 1000",""
"第三大陆爆率.txt","通用大怪","1104","52888","月如歌","难爆","0","0","",""
"第三大陆爆率.txt","通用大怪","1105","52888","月中寒","难爆","0","0","",""
"第三大陆爆率.txt","通用大怪","1106","52888","弑道焚心","难爆","0","0","",""
"第三大陆爆率.txt","通用大怪","1107","52888","万劫归墟","难爆","0","0","",""
"第三大陆爆率.txt","通用大怪","1108","52888","鸿蒙初判","难爆","0","0","",""
"第三大陆爆率.txt","通用大怪","1140","88","黑日","好爆","0","0","",""
"第三大陆爆率.txt","通用大怪","1141","88","不朽","好爆","0","0","",""
"第三大陆爆率.txt","通用大怪","1142","88","血系结罗","好爆","0","0","",""
"第三大陆爆率.txt","通用大怪","1143","88","湿婆业舞","好爆","0","0","",""
"第三大陆爆率.txt","通用大怪","1144","88","王权","好爆","0","0","",""
"第三大陆爆率.txt","通用大怪","1145","88","君焰","好爆","0","0","",""
"第三大陆爆率.txt","通用大怪","1146","188","风王之瞳","一般","0","0","",""
"第三大陆爆率.txt","通用大怪","1147","188","轮回之力","一般","0","0","",""
"第三大陆爆率.txt","通用大怪","1148","188","自闭圆顿裹","一般","0","0","",""
"第三大陆爆率.txt","通用大怪","1149","188","怠惰の罪","一般","0","0","",""
"第三大陆爆率.txt","通用大怪","1150","388","弑序亲王","一般","0","0","",""
"第三大陆爆率.txt","通用大怪","1151","388","命运之轮","一般","0","0","",""
"第三大陆爆率.txt","通用大怪","1152","388","星空·道极","一般","0","0","",""
"第三大陆爆率.txt","通用大怪","1153","388","死之藤蔓","一般","0","0","",""
"第三大陆爆率.txt","通用大怪","1154","388","流明","一般","0","0","",""
"第三大陆爆率.txt","通用大怪","1155","388","旧日支配者","一般","0","0","",""
"第三大陆爆率.txt","通用大怪","1156","588","耶梦加得","一般","0","0","",""
"第三大陆爆率.txt","通用大怪","1157","588","尼德霍格","一般","0","0","",""
"第三大陆爆率.txt","通用大怪","1158","588","血の恩赐","一般","0","0","",""
"第三大陆爆率.txt","通用大怪","1159","588","黑炎牢狱","一般","0","0","",""
"第三大陆爆率.txt","通用大怪","1160","1588","星辰神器","难爆","0","0","",""
"第三大陆爆率.txt","通用大怪","1161","1588","此下众生","难爆","0","0","",""
"第三大陆爆率.txt","通用大怪","1162","1588","此上无人","难爆","0","0","",""
"第三大陆爆率.txt","通用大怪","1163","1588","烟雨醉浮生","难爆","0","0","",""
"第三大陆爆率.txt","通用大怪","1164","1588","落花三千","难爆","0","0","",""
"第三大陆爆率.txt","通用大怪","1165","1588","流水无情","难爆","0","0","",""
"第三大陆爆率.txt","通用大怪","1166","2588","世界树灵枝","难爆","0","0","",""
"第三大陆爆率.txt","通用大怪","1167","2588","午夜虹吸","难爆","0","0","",""
"第三大陆爆率.txt","通用大怪","1168","2588","王之蔑视","难爆","0","0","",""
"第三大陆爆率.txt","通用大怪","1169","2588","特修斯の魔","难爆","0","0","",""
"第三大陆爆率.txt","通用大怪","1170","388","狂·崆峒靴子","一般","0","0","",""
"第三大陆爆率.txt","通用大怪","1171","388","狂·崆峒腰带","一般","0","0","",""
"第三大陆爆率.txt","通用大怪","1172","388","狂·崆峒戒指","一般","0","0","",""
"第三大陆爆率.txt","通用大怪","1173","388","狂·崆峒手镯","一般","0","0","",""
"第三大陆爆率.txt","通用大怪","1174","388","狂·崆峒项链","一般","0","0","",""
"第三大陆爆率.txt","通用大怪","1175","388","狂·崆峒头盔","一般","0","0","",""
"第三大陆爆率.txt","通用大怪","1176","1288","暴·乾坤靴子","难爆","0","0","",""
"第三大陆爆率.txt","通用大怪","1177","1288","暴·乾坤腰带","难爆","0","0","",""
"第三大陆爆率.txt","通用大怪","1178","1288","暴·乾坤戒指","难爆","0","0","",""
"第三大陆爆率.txt","通用大怪","1179","1288","暴·乾坤手镯","难爆","0","0","",""
"第三大陆爆率.txt","通用大怪","1180","1288","暴·乾坤项链","难爆","0","0","",""
"第三大陆爆率.txt","通用大怪","1181","1288","暴·乾坤头盔","难爆","0","0","",""
"第三大陆爆率.txt","通用大怪","1182","3888","神·神龙靴子","难爆","0","0","",""
"第三大陆爆率.txt","通用大怪","1183","3888","神·神龙腰带","难爆","0","0","",""
"第三大陆爆率.txt","通用大怪","1184","3888","神·神龙戒指","难爆","0","0","",""
"第三大陆爆率.txt","通用大怪","1185","3888","神·神龙手镯","难爆","0","0","",""
"第三大陆爆率.txt","通用大怪","1186","3888","神·神龙项链","难爆","0","0","",""
"第三大陆爆率.txt","通用大怪","1187","3888","神·神龙头盔","难爆","0","0","",""
"第三大陆爆率.txt","通用大怪","1188","2555","雷霆幻","难爆","0","0","",""
"第三大陆爆率.txt","通用大怪","1189","2555","龙鳞震岳","难爆","0","0","",""
"第三大陆爆率.txt","通用大怪","1190","2555","啸风逐电","难爆","0","0","",""
"第三大陆爆率.txt","通用大怪","1191","2555","天罚雷击","难爆","0","0","",""
"第三大陆爆率.txt","通用大怪","1192","2555","烈焰焚天","难爆","0","0","",""
"第三大陆爆率.txt","通用大怪","1193","2555","霜雪之间","难爆","0","0","",""
"第三大陆爆率.txt","通用大怪","1374","388888","猪脑过载","难爆","0","0","",""
"第三大陆爆率.txt","通用大怪","1375","888888","魔法盾","难爆","0","0","",""
"第三大陆爆率.txt","通用大怪","1376","488888","护体神盾","难爆","0","0","",""
"第三大陆爆率.txt","通用大怪","1377","5988888","玄武震天尊","难爆","0","0","",""
"第三大陆爆率.txt","通用大怪","1378","5988888","致命节奏","难爆","0","0","",""
"第三大陆爆率.txt","通用大怪","1379","5988888","熱翔","难爆","0","0","",""
"第三大陆爆率.txt","通用大怪","1380","5988888","东皇钟魂","难爆","0","0","",""
"第三大陆爆率.txt","通用大怪","1383","14988888","神农百草令","有条件的爆","1","1","U225 > 2000",""
"第三大陆爆率.txt","通用大怪","1384","14988888","伏羲八卦印","有条件的爆","1","1","U225 > 2000",""
"第三大陆爆率.txt","通用大怪","1385","14988888","女娲补天石","有条件的爆","1","1","U225 > 2000",""
"第三大陆爆率.txt","通用大怪","1386","14988888","盘古遗泽","有条件的爆","1","1","U225 > 2000",""
"第三大陆爆率.txt","通用大怪","1387","14988888","先天一气","有条件的爆","1","1","U225 > 2000",""
"第三大陆爆率.txt","通用大怪","1388","14988888","太初灵韵","有条件的爆","1","1","U225 > 2000",""
"第三大陆爆率.txt","通用大怪","1389","14988888","卐卐正道鏡卐卐","有条件的爆","1","1","U225 > 2000",""
"第三大陆爆率.txt","通用大怪","1390","14988888","卐卐提魂锁卐卐","有条件的爆","1","1","U225 > 2000",""
"第三大陆爆率.txt","通用大怪","1391","14988888","△△雷道天卷△△","有条件的爆","1","1","U225 > 2000",""
"第三大陆爆率.txt","通用大怪","1392","14988888","△△玄天令△△","有条件的爆","1","1","U225 > 2000",""
"第三大陆爆率.txt","通用大怪","1393","14988888","▲▲火雲真經▲▲","有条件的爆","1","1","U225 > 2000",""
"第三大陆爆率.txt","通用大怪","1394","14988888","▲▲水鏡太極▲▲","有条件的爆","1","1","U225 > 2000",""
"第三大陆爆率.txt","通用大怪","1395","14988888","‖「谣影神靴」‖","有条件的爆","1","1","U225 > 2000",""
"第三大陆爆率.txt","通用大怪","1396","14988888","‖「太清流珠」‖","有条件的爆","1","1","U225 > 2000",""
"第三大陆爆率.txt","通用大怪","1425","188888","忘川渡魂","有条件的爆","1","1","U225 > 1000",""
"第三大陆爆率.txt","通用大怪","1429","5888","地狱火","难爆","0","0","",""
"第三大陆爆率.txt","通用大怪","1430","5888","破天魂","难爆","0","0","",""
"第三大陆爆率.txt","通用大怪","1431","25888","灭道焚天","难爆","0","0","",""
"第三大陆爆率.txt","通用大怪","1432","25888","镇狱封魔","难爆","0","0","",""
"第三大陆爆率.txt","通用大怪","1433","25888","破界诛邪","难爆","0","0","",""
"第三大陆爆率.txt","通用大怪","1434","513888","三生石影","难爆","0","0","",""
"第三大陆爆率.txt","通用大怪","1436","500","传说意志","一般","0","0","",""
"第三大陆爆率.txt","通用大怪","1437","150","斗笠之魄","一般","0","0","",""
"第三大陆爆率.txt","通用大怪","1438","500","酒仙秘籍","一般","0","0","",""
"第九大陆爆率.txt","通用","3","1","元宝[5]","好爆","0","0","",""
"第九大陆爆率.txt","通用","4","2","元宝[5]","好爆","0","0","",""
"第九大陆爆率.txt","通用","5","2","元宝[5]","好爆","0","0","",""
"第九大陆爆率.txt","通用","7","1","金币(小)","好爆","0","0","",""
"第九大陆爆率.txt","通用","8","10","金币(小)","好爆","0","0","",""
"第九大陆爆率.txt","通用","9","15","金币(小)","好爆","0","0","",""
"第九大陆爆率.txt","通用","10","45","金币(中)","好爆","0","0","",""
"第九大陆爆率.txt","通用","11","688","金币(大)","一般","0","0","",""
"第九大陆爆率.txt","通用","72","100","修为丹（小）","好爆","0","0","",""
"第九大陆爆率.txt","通用","73","1000","修为丹（大）","一般","0","0","",""
"第九大陆爆率.txt","通用","74","200","杀伐神石[小]|@bl_zyjhl5","有条件的爆","1","0","","bl_zyjhl5"
"第九大陆爆率.txt","通用","75","1555","杀伐神石[大]|@bl_zyjhl5","有条件的爆","1","0","","bl_zyjhl5"
"第九大陆爆率.txt","通用","76","588","神石宝箱","一般","0","0","",""
"第九大陆爆率.txt","通用","77","888","藏宝图碎片","一般","0","0","",""
"第九大陆爆率.txt","通用","78","300","酒糟","一般","0","0","",""
"第二大陆爆率.txt","通用","4","1","元宝[5]","好爆","0","0","",""
"第二大陆爆率.txt","通用","5","2","元宝[5]","好爆","0","0","",""
"第二大陆爆率.txt","通用","6","2","元宝[5]","好爆","0","0","",""
"第二大陆爆率.txt","通用","8","1","金币(小)","好爆","0","0","",""
"第二大陆爆率.txt","通用","9","20","金币(小)","好爆","0","0","",""
"第二大陆爆率.txt","通用","10","60","金币(中)","好爆","0","0","",""
"第二大陆爆率.txt","通用","11","888","金币(大)","一般","0","0","",""
"第二大陆爆率.txt","通用","48","58888","裂天","难爆","0","0","",""
"第二大陆爆率.txt","通用","49","58888","锁鳞","难爆","0","0","",""
"第二大陆爆率.txt","通用","50","2088","狱魔神","难爆","0","0","",""
"第二大陆爆率.txt","通用","51","2088","杀破狼","难爆","0","0","",""
"第二大陆爆率.txt","通用","52","2088","潜锋","难爆","0","0","",""
"第二大陆爆率.txt","通用","53","2088","￠破晓￠","难爆","0","0","",""
"第二大陆爆率.txt","通用","54","2088","笑傲天","难爆","0","0","",""
"第二大陆爆率.txt","通用","55","2088","酒醉黄龙","难爆","0","0","",""
"第二大陆爆率.txt","通用","56","2044","雷渊","难爆","0","0","",""
"第二大陆爆率.txt","通用","57","9632","飞霞","难爆","0","0","",""
"第二大陆爆率.txt","通用","58","9632","月痕","难爆","0","0","",""
"第二大陆爆率.txt","通用","61","188","黑日","一般","0","0","",""
"第二大陆爆率.txt","通用","62","188","不朽","一般","0","0","",""
"第二大陆爆率.txt","通用","63","188","血系结罗","一般","0","0","",""
"第二大陆爆率.txt","通用","64","188","湿婆业舞","一般","0","0","",""
"第二大陆爆率.txt","通用","65","188","王权","一般","0","0","",""
"第二大陆爆率.txt","通用","66","188","君焰","一般","0","0","",""
"第二大陆爆率.txt","通用","67","288","风王之瞳","一般","0","0","",""
"第二大陆爆率.txt","通用","68","288","轮回之力","一般","0","0","",""
"第二大陆爆率.txt","通用","69","288","自闭圆顿裹","一般","0","0","",""
"第二大陆爆率.txt","通用","70","288","怠惰の罪","一般","0","0","",""
"第二大陆爆率.txt","通用","71","488","弑序亲王","一般","0","0","",""
"第二大陆爆率.txt","通用","72","488","命运之轮","一般","0","0","",""
"第二大陆爆率.txt","通用","73","488","星空·道极","一般","0","0","",""
"第二大陆爆率.txt","通用","74","488","死之藤蔓","一般","0","0","",""
"第二大陆爆率.txt","通用","75","488","流明","一般","0","0","",""
"第二大陆爆率.txt","通用","76","488","旧日支配者","一般","0","0","",""
"第二大陆爆率.txt","通用","77","688","耶梦加得","一般","0","0","",""
"第二大陆爆率.txt","通用","78","688","尼德霍格","一般","0","0","",""
"第二大陆爆率.txt","通用","79","688","血の恩赐","一般","0","0","",""
"第二大陆爆率.txt","通用","80","688","黑炎牢狱","一般","0","0","",""
"第二大陆爆率.txt","通用","81","888","星辰神器","一般","0","0","",""
"第二大陆爆率.txt","通用","82","888","此下众生","一般","0","0","",""
"第二大陆爆率.txt","通用","83","888","此上无人","一般","0","0","",""
"第二大陆爆率.txt","通用","84","888","烟雨醉浮生","一般","0","0","",""
"第二大陆爆率.txt","通用","85","888","落花三千","一般","0","0","",""
"第二大陆爆率.txt","通用","86","888","流水无情","一般","0","0","",""
"第二大陆爆率.txt","通用","87","1288","世界树灵枝","难爆","0","0","",""
"第二大陆爆率.txt","通用","88","1288","午夜虹吸","难爆","0","0","",""
"第二大陆爆率.txt","通用","89","1288","王之蔑视","难爆","0","0","",""
"第二大陆爆率.txt","通用","90","1288","特修斯の魔","难爆","0","0","",""
"第二大陆爆率.txt","通用","92","388","狂·崆峒靴子","一般","0","0","",""
"第二大陆爆率.txt","通用","93","388","狂·崆峒腰带","一般","0","0","",""
"第二大陆爆率.txt","通用","94","388","狂·崆峒戒指","一般","0","0","",""
"第二大陆爆率.txt","通用","95","388","狂·崆峒手镯","一般","0","0","",""
"第二大陆爆率.txt","通用","96","388","狂·崆峒项链","一般","0","0","",""
"第二大陆爆率.txt","通用","97","388","狂·崆峒头盔","一般","0","0","",""
"第二大陆爆率.txt","通用","98","1288","暴·乾坤靴子","难爆","0","0","",""
"第二大陆爆率.txt","通用","99","1288","暴·乾坤腰带","难爆","0","0","",""
"第二大陆爆率.txt","通用","100","1288","暴·乾坤戒指","难爆","0","0","",""
"第二大陆爆率.txt","通用","101","1288","暴·乾坤手镯","难爆","0","0","",""
"第二大陆爆率.txt","通用","102","1288","暴·乾坤项链","难爆","0","0","",""
"第二大陆爆率.txt","通用","103","1288","暴·乾坤头盔","难爆","0","0","",""
"第二大陆爆率.txt","通用","104","3888","神·神龙靴子","难爆","0","0","",""
"第二大陆爆率.txt","通用","105","3888","神·神龙腰带","难爆","0","0","",""
"第二大陆爆率.txt","通用","106","3888","神·神龙戒指","难爆","0","0","",""
"第二大陆爆率.txt","通用","107","3888","神·神龙手镯","难爆","0","0","",""
"第二大陆爆率.txt","通用","108","3888","神·神龙项链","难爆","0","0","",""
"第二大陆爆率.txt","通用","109","3888","神·神龙头盔","难爆","0","0","",""
"第二大陆爆率.txt","通用","111","1888","雷霆幻","难爆","0","0","",""
"第二大陆爆率.txt","通用","112","1888","龙鳞震岳","难爆","0","0","",""
"第二大陆爆率.txt","通用","113","1888","啸风逐电","难爆","0","0","",""
"第二大陆爆率.txt","通用","114","1888","天罚雷击","难爆","0","0","",""
"第二大陆爆率.txt","通用","115","1888","烈焰焚天","难爆","0","0","",""
"第二大陆爆率.txt","通用","116","1888","霜雪之间","难爆","0","0","",""
"第二大陆爆率.txt","通用","117","1088","雪隐残锋","难爆","0","0","",""
"第二大陆爆率.txt","通用","118","1088","惊雷震世","难爆","0","0","",""
"第二大陆爆率.txt","通用","119","1088","烬海残光","难爆","0","0","",""
"第二大陆爆率.txt","通用","120","1088","苍穹寂灭","难爆","0","0","",""
"第二大陆爆率.txt","通用","121","1088","月华流影","难爆","0","0","",""
"第二大陆爆率.txt","通用","122","1088","傲霜孤","难爆","0","0","",""
"第二大陆爆率.txt","通用","123","1088","炽焰护腕","难爆","0","0","",""
"第二大陆爆率.txt","通用","124","1088","烈焰指环","难爆","0","0","",""
"第二大陆爆率.txt","通用","125","1088","王权圣戒","难爆","0","0","",""
"第二大陆爆率.txt","通用","126","1088","龙魂吊坠","难爆","0","0","",""
"第二大陆爆率.txt","通用","173","1000","修复轩辕剑材料A","一般","0","0","",""
"第二大陆爆率.txt","通用","174","2000","修复轩辕剑材料B","难爆","0","0","",""
"第二大陆爆率.txt","通用","175","3000","修复轩辕剑材料C","难爆","0","0","",""
"第二大陆爆率.txt","通用","176","100","修为丹（小）","好爆","0","0","",""
"第二大陆爆率.txt","通用","177","1000","修为丹（大）","一般","0","0","",""
"第二大陆爆率.txt","通用","178","88","强化石","好爆","0","0","",""
"第二大陆爆率.txt","通用","179","300","五行石","一般","0","0","",""
"第二大陆爆率.txt","通用","180","200","杀伐神石[小]|@bl_zyjhl5","有条件的爆","1","0","","bl_zyjhl5"
"第二大陆爆率.txt","通用","181","1555","杀伐神石[大]|@bl_zyjhl5","有条件的爆","1","0","","bl_zyjhl5"
"第二大陆爆率.txt","通用","182","38","称号卷轴","好爆","0","0","",""
"第二大陆爆率.txt","通用","184","88","书页","好爆","0","0","",""
"第二大陆爆率.txt","通用小怪","189","1","50W经验卷","好爆","0","0","",""
"第二大陆爆率.txt","通用小怪","190","1","50W经验卷","好爆","0","0","",""
"第二大陆爆率.txt","通用小怪","191","1","100W经验卷","好爆","0","0","",""
"第二大陆爆率.txt","通用小怪","192","1","100W经验卷","好爆","0","0","",""
"第二大陆爆率.txt","通用小怪","193","10","100W经验卷","好爆","0","0","",""
"第二大陆爆率.txt","通用小怪","194","25","200W经验卷","好爆","0","0","",""
"第二大陆爆率.txt","通用小怪","195","68","500W经验卷","好爆","0","0","",""
"第二大陆爆率.txt","通用小怪","196","158","1000W经验卷","一般","0","0","",""
"第二大陆爆率.txt","通用小怪","197","288","2000W经验卷","一般","0","0","",""
"第二大陆爆率.txt","通用小怪","198","588","5000W经验卷","一般","0","0","",""
"第二大陆爆率.txt","通用小怪","199","1588","1亿经验卷","难爆","0","0","",""
"第二大陆爆率.txt","通用小怪","201","6","好感度道具","好爆","0","0","",""
"第二大陆爆率.txt","通用小怪","205","8888","幻灵石","难爆","0","0","",""
"第二大陆爆率.txt","通用小怪","208","288","女儿红","一般","0","0","",""
"第二大陆爆率.txt","通用小怪","209","288","莲花白","一般","0","0","",""
"第二大陆爆率.txt","通用小怪","210","68","竹叶青","好爆","0","0","",""
"第二大陆爆率.txt","通用小怪","211","68","百花酿","好爆","0","0","",""
"第二大陆爆率.txt","通用小怪","212","68","八仙醉","好爆","0","0","",""
"第二大陆爆率.txt","通用小怪","215","58","殘魂必殺甲","好爆","0","0","",""
"第二大陆爆率.txt","通用小怪","216","58","殘魂必殺刃","好爆","0","0","",""
"第二大陆爆率.txt","通用小怪","217","5","殘魂神靴","好爆","0","0","",""
"第二大陆爆率.txt","通用小怪","218","5","殘魂神带","好爆","0","0","",""
"第二大陆爆率.txt","通用小怪","219","5","殘魂神戒","好爆","0","0","",""
"第二大陆爆率.txt","通用小怪","220","5","殘魂神镯","好爆","0","0","",""
"第二大陆爆率.txt","通用小怪","221","5","殘魂神链","好爆","0","0","",""
"第二大陆爆率.txt","通用小怪","222","5","殘魂神盔","好爆","0","0","",""
"第二大陆爆率.txt","通用小怪","224","86","黄金锁子甲","好爆","0","0","",""
"第二大陆爆率.txt","通用小怪","225","86","黄金霸王斩","好爆","0","0","",""
"第二大陆爆率.txt","通用小怪","254","122","狂王披风","一般","0","0","",""
"第二大陆爆率.txt","通用小怪","255","122","霸者神兵","一般","0","0","",""
"第二大陆爆率.txt","通用小怪","284","188","天使羽衣","一般","0","0","",""
"第二大陆爆率.txt","通用小怪","285","188","审判之刃","一般","0","0","",""
"第二大陆爆率.txt","通用小怪","315","58","毁天灭地甲","好爆","0","0","",""
"第二大陆爆率.txt","通用小怪","316","58","天崩地裂斩","好爆","0","0","",""
"第二大陆爆率.txt","通用小怪","317","28","毁灭の灵靴","好爆","0","0","",""
"第二大陆爆率.txt","通用小怪","318","28","毁灭の腰带","好爆","0","0","",""
"第二大陆爆率.txt","通用小怪","319","28","毁灭の影戒","好爆","0","0","",""
"第二大陆爆率.txt","通用小怪","320","28","毁灭の亡镯","好爆","0","0","",""
"第二大陆爆率.txt","通用小怪","321","28","毁灭の项链","好爆","0","0","",""
"第二大陆爆率.txt","通用小怪","322","28","毁灭の面罩","好爆","0","0","",""
"第二大陆爆率.txt","通用中怪","329","1","50W经验卷","好爆","0","0","",""
"第二大陆爆率.txt","通用中怪","330","1","50W经验卷","好爆","0","0","",""
"第二大陆爆率.txt","通用中怪","331","1","100W经验卷","好爆","0","0","",""
"第二大陆爆率.txt","通用中怪","332","1","100W经验卷","好爆","0","0","",""
"第二大陆爆率.txt","通用中怪","333","10","100W经验卷","好爆","0","0","",""
"第二大陆爆率.txt","通用中怪","334","25","200W经验卷","好爆","0","0","",""
"第二大陆爆率.txt","通用中怪","335","68","500W经验卷","好爆","0","0","",""
"第二大陆爆率.txt","通用中怪","336","158","1000W经验卷","一般","0","0","",""
"第二大陆爆率.txt","通用中怪","337","288","2000W经验卷","一般","0","0","",""
"第二大陆爆率.txt","通用中怪","338","588","5000W经验卷","一般","0","0","",""
"第二大陆爆率.txt","通用中怪","339","1588","1亿经验卷","难爆","0","0","",""
"第二大陆爆率.txt","通用中怪","340","4588","2亿经验卷","难爆","0","0","",""
"第二大陆爆率.txt","通用中怪","341","15588","5亿经验卷","难爆","0","0","",""
"第二大陆爆率.txt","通用中怪","344","1","好感度道具","好爆","0","0","",""
"第二大陆爆率.txt","通用中怪","349","1","天工之锤","好爆","0","0","",""
"第二大陆爆率.txt","通用中怪","350","1","焚天石","好爆","0","0","",""
"第二大陆爆率.txt","通用中怪","351","1","天工之锤","好爆","0","0","",""
"第二大陆爆率.txt","通用中怪","352","1","焚天石","好爆","0","0","",""
"第二大陆爆率.txt","通用中怪","353","1","天工之锤","好爆","0","0","",""
"第二大陆爆率.txt","通用中怪","354","1","焚天石","好爆","0","0","",""
"第二大陆爆率.txt","通用中怪","356","6888","幻灵石","难爆","0","0","",""
"第二大陆爆率.txt","通用中怪","359","188","女儿红","一般","0","0","",""
"第二大陆爆率.txt","通用中怪","360","188","莲花白","一般","0","0","",""
"第二大陆爆率.txt","通用中怪","361","38","竹叶青","好爆","0","0","",""
"第二大陆爆率.txt","通用中怪","362","38","百花酿","好爆","0","0","",""
"第二大陆爆率.txt","通用中怪","363","38","八仙醉","好爆","0","0","",""
"第二大陆爆率.txt","通用中怪","365","58","殘魂必殺甲","好爆","0","0","",""
"第二大陆爆率.txt","通用中怪","366","58","殘魂必殺刃","好爆","0","0","",""
"第二大陆爆率.txt","通用中怪","367","5","殘魂神靴","好爆","0","0","",""
"第二大陆爆率.txt","通用中怪","368","5","殘魂神带","好爆","0","0","",""
"第二大陆爆率.txt","通用中怪","369","5","殘魂神戒","好爆","0","0","",""
"第二大陆爆率.txt","通用中怪","370","5","殘魂神镯","好爆","0","0","",""
"第二大陆爆率.txt","通用中怪","371","5","殘魂神链","好爆","0","0","",""
"第二大陆爆率.txt","通用中怪","372","5","殘魂神盔","好爆","0","0","",""
"第二大陆爆率.txt","通用中怪","373","58","殘魂必殺甲","好爆","0","0","",""
"第二大陆爆率.txt","通用中怪","374","58","殘魂必殺刃","好爆","0","0","",""
"第二大陆爆率.txt","通用中怪","375","5","殘魂神靴","好爆","0","0","",""
"第二大陆爆率.txt","通用中怪","376","5","殘魂神带","好爆","0","0","",""
"第二大陆爆率.txt","通用中怪","377","5","殘魂神戒","好爆","0","0","",""
"第二大陆爆率.txt","通用中怪","378","5","殘魂神镯","好爆","0","0","",""
"第二大陆爆率.txt","通用中怪","379","5","殘魂神链","好爆","0","0","",""
"第二大陆爆率.txt","通用中怪","380","5","殘魂神盔","好爆","0","0","",""
"第二大陆爆率.txt","通用中怪","381","58","殘魂必殺甲","好爆","0","0","",""
"第二大陆爆率.txt","通用中怪","382","58","殘魂必殺刃","好爆","0","0","",""
"第二大陆爆率.txt","通用中怪","383","5","殘魂神靴","好爆","0","0","",""
"第二大陆爆率.txt","通用中怪","384","5","殘魂神带","好爆","0","0","",""
"第二大陆爆率.txt","通用中怪","385","5","殘魂神戒","好爆","0","0","",""
"第二大陆爆率.txt","通用中怪","386","5","殘魂神镯","好爆","0","0","",""
"第二大陆爆率.txt","通用中怪","387","5","殘魂神链","好爆","0","0","",""
"第二大陆爆率.txt","通用中怪","388","5","殘魂神盔","好爆","0","0","",""
"第二大陆爆率.txt","通用中怪","389","86","黄金锁子甲","好爆","0","0","",""
"第二大陆爆率.txt","通用中怪","390","86","黄金霸王斩","好爆","0","0","",""
"第二大陆爆率.txt","通用中怪","391","10","黄金靴子","好爆","0","0","",""
"第二大陆爆率.txt","通用中怪","392","10","黄金腰带","好爆","0","0","",""
"第二大陆爆率.txt","通用中怪","393","10","黄金瞬影戒","好爆","0","0","",""
"第二大陆爆率.txt","通用中怪","394","10","黄金银河护手","好爆","0","0","",""
"第二大陆爆率.txt","通用中怪","395","10","黄金冥王链","好爆","0","0","",""
"第二大陆爆率.txt","通用中怪","396","10","黄金幽灵盔","好爆","0","0","",""
"第二大陆爆率.txt","通用中怪","397","122","狂王披风","一般","0","0","",""
"第二大陆爆率.txt","通用中怪","398","122","霸者神兵","一般","0","0","",""
"第二大陆爆率.txt","通用中怪","399","20","震天靴子","好爆","0","0","",""
"第二大陆爆率.txt","通用中怪","400","20","震天腰带","好爆","0","0","",""
"第二大陆爆率.txt","通用中怪","401","20","震天圣戒","好爆","0","0","",""
"第二大陆爆率.txt","通用中怪","402","20","震天护手","好爆","0","0","",""
"第二大陆爆率.txt","通用中怪","403","20","震天铃铛","好爆","0","0","",""
"第二大陆爆率.txt","通用中怪","404","20","震天头盔","好爆","0","0","",""
"第二大陆爆率.txt","通用中怪","405","188","天使羽衣","一般","0","0","",""
"第二大陆爆率.txt","通用中怪","406","188","审判之刃","一般","0","0","",""
"第二大陆爆率.txt","通用中怪","407","38","天使神靴","好爆","0","0","",""
"第二大陆爆率.txt","通用中怪","408","38","天使腰带","好爆","0","0","",""
"第二大陆爆率.txt","通用中怪","409","38","天使圣戒","好爆","0","0","",""
"第二大陆爆率.txt","通用中怪","410","38","天使旭日手","好爆","0","0","",""
"第二大陆爆率.txt","通用中怪","411","38","天使如意链","好爆","0","0","",""
"第二大陆爆率.txt","通用中怪","412","38","天使宝冠","好爆","0","0","",""
"第二大陆爆率.txt","通用中怪","413","258","毁天灭地甲","一般","0","0","",""
"第二大陆爆率.txt","通用中怪","414","258","天崩地裂斩","一般","0","0","",""
"第二大陆爆率.txt","通用中怪","415","128","毁灭の灵靴","一般","0","0","",""
"第二大陆爆率.txt","通用中怪","416","128","毁灭の腰带","一般","0","0","",""
"第二大陆爆率.txt","通用中怪","417","128","毁灭の影戒","一般","0","0","",""
"第二大陆爆率.txt","通用中怪","418","128","毁灭の亡镯","一般","0","0","",""
"第二大陆爆率.txt","通用中怪","419","128","毁灭の项链","一般","0","0","",""
"第二大陆爆率.txt","通用中怪","420","128","毁灭の面罩","一般","0","0","",""
"第二大陆爆率.txt","通用中怪","421","318","神·战甲","一般","0","0","",""
"第二大陆爆率.txt","通用中怪","422","318","神·暴风","一般","0","0","",""
"第二大陆爆率.txt","通用中怪","423","168","神·破灭神靴","一般","0","0","",""
"第二大陆爆率.txt","通用中怪","424","168","神·主宰仙带","一般","0","0","",""
"第二大陆爆率.txt","通用中怪","425","168","神·创世指","一般","0","0","",""
"第二大陆爆率.txt","通用中怪","426","168","神·毁灭镯","一般","0","0","",""
"第二大陆爆率.txt","通用中怪","427","168","神·皎洁月","一般","0","0","",""
"第二大陆爆率.txt","通用中怪","428","168","神·魔王盔","一般","0","0","",""
"第二大陆爆率.txt","通用中怪","429","318","圣·战甲","一般","0","0","",""
"第二大陆爆率.txt","通用中怪","430","318","圣·暴风","一般","0","0","",""
"第二大陆爆率.txt","通用中怪","431","168","圣·皇天靴","一般","0","0","",""
"第二大陆爆率.txt","通用中怪","432","168","圣·皇天带","一般","0","0","",""
"第二大陆爆率.txt","通用中怪","433","168","圣·毁苍生","一般","0","0","",""
"第二大陆爆率.txt","通用中怪","434","168","圣·灭苍穹","一般","0","0","",""
"第二大陆爆率.txt","通用中怪","435","168","圣·飞仙链","一般","0","0","",""
"第二大陆爆率.txt","通用中怪","436","168","圣·破九天","一般","0","0","",""
"第二大陆爆率.txt","通用中怪","438","58888","裂天","难爆","0","0","",""
"第二大陆爆率.txt","通用中怪","439","58888","锁鳞","难爆","0","0","",""
"第二大陆爆率.txt","通用中怪","440","888","龙吟风","一般","0","0","",""
"第二大陆爆率.txt","通用中怪","441","888","雁南飞","一般","0","0","",""
"第二大陆爆率.txt","通用中怪","442","888","金乌映日","一般","0","0","",""
"第二大陆爆率.txt","通用中怪","443","888","云影缥缈","一般","0","0","",""
"第二大陆爆率.txt","通用中怪","444","888","清君侧","一般","0","0","",""
"第二大陆爆率.txt","通用中怪","445","4088","断情遗世","难爆","0","0","",""
"第二大陆爆率.txt","通用中怪","446","4088","流光仙索","难爆","0","0","",""
"第二大陆爆率.txt","通用中怪","447","4088","夜魇天冕","难爆","0","0","",""
"第二大陆爆率.txt","通用中怪","448","4088","踏风追电","难爆","0","0","",""
"第二大陆爆率.txt","通用中怪","449","8888","鸿蒙初启","难爆","0","0","",""
"第二大陆爆率.txt","通用中怪","450","68888","浮生梦痕","难爆","0","0","",""
"第二大陆爆率.txt","通用中怪","451","188","黑日","一般","0","0","",""
"第二大陆爆率.txt","通用中怪","452","188","不朽","一般","0","0","",""
"第二大陆爆率.txt","通用中怪","453","188","血系结罗","一般","0","0","",""
"第二大陆爆率.txt","通用中怪","454","188","湿婆业舞","一般","0","0","",""
"第二大陆爆率.txt","通用中怪","455","188","王权","一般","0","0","",""
"第二大陆爆率.txt","通用中怪","456","188","君焰","一般","0","0","",""
"第二大陆爆率.txt","通用中怪","457","288","风王之瞳","一般","0","0","",""
"第二大陆爆率.txt","通用中怪","458","288","轮回之力","一般","0","0","",""
"第二大陆爆率.txt","通用中怪","459","288","自闭圆顿裹","一般","0","0","",""
"第二大陆爆率.txt","通用中怪","460","288","怠惰の罪","一般","0","0","",""
"第二大陆爆率.txt","通用中怪","461","488","弑序亲王","一般","0","0","",""
"第二大陆爆率.txt","通用中怪","462","488","命运之轮","一般","0","0","",""
"第二大陆爆率.txt","通用中怪","463","488","星空·道极","一般","0","0","",""
"第二大陆爆率.txt","通用中怪","464","488","死之藤蔓","一般","0","0","",""
"第二大陆爆率.txt","通用中怪","465","488","流明","一般","0","0","",""
"第二大陆爆率.txt","通用中怪","466","488","旧日支配者","一般","0","0","",""
"第二大陆爆率.txt","通用中怪","467","688","耶梦加得","一般","0","0","",""
"第二大陆爆率.txt","通用中怪","468","688","尼德霍格","一般","0","0","",""
"第二大陆爆率.txt","通用中怪","469","688","血の恩赐","一般","0","0","",""
"第二大陆爆率.txt","通用中怪","470","688","黑炎牢狱","一般","0","0","",""
"第二大陆爆率.txt","通用中怪","471","888","星辰神器","一般","0","0","",""
"第二大陆爆率.txt","通用中怪","472","888","此下众生","一般","0","0","",""
"第二大陆爆率.txt","通用中怪","473","888","此上无人","一般","0","0","",""
"第二大陆爆率.txt","通用中怪","474","888","烟雨醉浮生","一般","0","0","",""
"第二大陆爆率.txt","通用中怪","475","888","落花三千","一般","0","0","",""
"第二大陆爆率.txt","通用中怪","476","888","流水无情","一般","0","0","",""
"第二大陆爆率.txt","通用中怪","477","1288","世界树灵枝","难爆","0","0","",""
"第二大陆爆率.txt","通用中怪","478","1288","午夜虹吸","难爆","0","0","",""
"第二大陆爆率.txt","通用中怪","479","1288","王之蔑视","难爆","0","0","",""
"第二大陆爆率.txt","通用中怪","480","1288","特修斯の魔","难爆","0","0","",""
"第二大陆爆率.txt","通用中怪","481","388","狂·崆峒靴子","一般","0","0","",""
"第二大陆爆率.txt","通用中怪","482","388","狂·崆峒腰带","一般","0","0","",""
"第二大陆爆率.txt","通用中怪","483","388","狂·崆峒戒指","一般","0","0","",""
"第二大陆爆率.txt","通用中怪","484","388","狂·崆峒手镯","一般","0","0","",""
"第二大陆爆率.txt","通用中怪","485","388","狂·崆峒项链","一般","0","0","",""
"第二大陆爆率.txt","通用中怪","486","388","狂·崆峒头盔","一般","0","0","",""
"第二大陆爆率.txt","通用中怪","487","1288","暴·乾坤靴子","难爆","0","0","",""
"第二大陆爆率.txt","通用中怪","488","1288","暴·乾坤腰带","难爆","0","0","",""
"第二大陆爆率.txt","通用中怪","489","1288","暴·乾坤戒指","难爆","0","0","",""
"第二大陆爆率.txt","通用中怪","490","1288","暴·乾坤手镯","难爆","0","0","",""
"第二大陆爆率.txt","通用中怪","491","1288","暴·乾坤项链","难爆","0","0","",""
"第二大陆爆率.txt","通用中怪","492","1288","暴·乾坤头盔","难爆","0","0","",""
"第二大陆爆率.txt","通用中怪","493","3888","神·神龙靴子","难爆","0","0","",""
"第二大陆爆率.txt","通用中怪","494","3888","神·神龙腰带","难爆","0","0","",""
"第二大陆爆率.txt","通用中怪","495","3888","神·神龙戒指","难爆","0","0","",""
"第二大陆爆率.txt","通用中怪","496","3888","神·神龙手镯","难爆","0","0","",""
"第二大陆爆率.txt","通用中怪","497","3888","神·神龙项链","难爆","0","0","",""
"第二大陆爆率.txt","通用中怪","498","3888","神·神龙头盔","难爆","0","0","",""
"第二大陆爆率.txt","通用中怪","499","999","雷霆幻","一般","0","0","",""
"第二大陆爆率.txt","通用中怪","500","999","龙鳞震岳","一般","0","0","",""
"第二大陆爆率.txt","通用中怪","501","999","啸风逐电","一般","0","0","",""
"第二大陆爆率.txt","通用中怪","502","999","天罚雷击","一般","0","0","",""
"第二大陆爆率.txt","通用中怪","503","999","烈焰焚天","一般","0","0","",""
"第二大陆爆率.txt","通用中怪","504","999","霜雪之间","一般","0","0","",""
"第二大陆爆率.txt","通用中怪","505","788","雪隐残锋","一般","0","0","",""
"第二大陆爆率.txt","通用中怪","506","788","惊雷震世","一般","0","0","",""
"第二大陆爆率.txt","通用中怪","507","788","烬海残光","一般","0","0","",""
"第二大陆爆率.txt","通用中怪","508","788","苍穹寂灭","一般","0","0","",""
"第二大陆爆率.txt","通用中怪","509","788","月华流影","一般","0","0","",""
"第二大陆爆率.txt","通用中怪","510","788","傲霜孤","一般","0","0","",""
"第二大陆爆率.txt","通用中怪","511","788","炽焰护腕","一般","0","0","",""
"第二大陆爆率.txt","通用中怪","512","788","烈焰指环","一般","0","0","",""
"第二大陆爆率.txt","通用中怪","513","788","王权圣戒","一般","0","0","",""
"第二大陆爆率.txt","通用中怪","514","788","龙魂吊坠","一般","0","0","",""
"第二大陆爆率.txt","通用中怪","553","288888","猪脑过载","难爆","0","0","",""
"第二大陆爆率.txt","通用中怪","554","688888","魔法盾","难爆","0","0","",""
"第二大陆爆率.txt","通用中怪","555","288888","护体神盾","难爆","0","0","",""
"第二大陆爆率.txt","通用中怪","556","15988888","玄武震天尊","难爆","0","0","",""
"第二大陆爆率.txt","通用中怪","557","15988888","致命节奏","难爆","0","0","",""
"第二大陆爆率.txt","通用中怪","558","15988888","熱翔","难爆","0","0","",""
"第二大陆爆率.txt","通用中怪","559","15988888","东皇钟魂","难爆","0","0","",""
"第二大陆爆率.txt","通用大怪","567","1","200W经验卷","好爆","0","0","",""
"第二大陆爆率.txt","通用大怪","568","1","200W经验卷","好爆","0","0","",""
"第二大陆爆率.txt","通用大怪","569","1","200W经验卷","好爆","0","0","",""
"第二大陆爆率.txt","通用大怪","570","1","500W经验卷","好爆","0","0","",""
"第二大陆爆率.txt","通用大怪","571","1","500W经验卷","好爆","0","0","",""
"第二大陆爆率.txt","通用大怪","572","1","200W经验卷","好爆","0","0","",""
"第二大陆爆率.txt","通用大怪","573","1","200W经验卷","好爆","0","0","",""
"第二大陆爆率.txt","通用大怪","574","1","200W经验卷","好爆","0","0","",""
"第二大陆爆率.txt","通用大怪","575","1","500W经验卷","好爆","0","0","",""
"第二大陆爆率.txt","通用大怪","576","1","500W经验卷","好爆","0","0","",""
"第二大陆爆率.txt","通用大怪","577","8","100W经验卷","好爆","0","0","",""
"第二大陆爆率.txt","通用大怪","578","25","200W经验卷","好爆","0","0","",""
"第二大陆爆率.txt","通用大怪","579","48","500W经验卷","好爆","0","0","",""
"第二大陆爆率.txt","通用大怪","580","68","1000W经验卷","好爆","0","0","",""
"第二大陆爆率.txt","通用大怪","581","88","2000W经验卷","好爆","0","0","",""
"第二大陆爆率.txt","通用大怪","582","188","5000W经验卷","一般","0","0","",""
"第二大陆爆率.txt","通用大怪","583","288","1亿经验卷","一般","0","0","",""
"第二大陆爆率.txt","通用大怪","584","388","2亿经验卷","一般","0","0","",""
"第二大陆爆率.txt","通用大怪","585","588","5亿经验卷","一般","0","0","",""
"第二大陆爆率.txt","通用大怪","587","1","好感度道具","好爆","0","0","",""
"第二大陆爆率.txt","通用大怪","591","5","元宝[100]","好爆","0","0","",""
"第二大陆爆率.txt","通用大怪","592","1","金币(小)","好爆","0","0","",""
"第二大陆爆率.txt","通用大怪","593","3","金币(小)","好爆","0","0","",""
"第二大陆爆率.txt","通用大怪","594","60","金币(中)","好爆","0","0","",""
"第二大陆爆率.txt","通用大怪","595","988","金币(大)","一般","0","0","",""
"第二大陆爆率.txt","通用大怪","596","5","元宝[20]","好爆","0","0","",""
"第二大陆爆率.txt","通用大怪","597","1","金币(小)","好爆","0","0","",""
"第二大陆爆率.txt","通用大怪","598","3","金币(小)","好爆","0","0","",""
"第二大陆爆率.txt","通用大怪","599","60","金币(中)","好爆","0","0","",""
"第二大陆爆率.txt","通用大怪","600","988","金币(大)","一般","0","0","",""
"第二大陆爆率.txt","通用大怪","602","1","天工之锤","好爆","0","0","",""
"第二大陆爆率.txt","通用大怪","603","1","焚天石","好爆","0","0","",""
"第二大陆爆率.txt","通用大怪","604","1","天工之锤","好爆","0","0","",""
"第二大陆爆率.txt","通用大怪","605","1","焚天石","好爆","0","0","",""
"第二大陆爆率.txt","通用大怪","606","1","天工之锤","好爆","0","0","",""
"第二大陆爆率.txt","通用大怪","607","1","焚天石","好爆","0","0","",""
"第二大陆爆率.txt","通用大怪","608","1","天工之锤","好爆","0","0","",""
"第二大陆爆率.txt","通用大怪","609","1","焚天石","好爆","0","0","",""
"第二大陆爆率.txt","通用大怪","611","33","幻灵水晶","好爆","0","0","",""
"第二大陆爆率.txt","通用大怪","612","1888","幻灵石","难爆","0","0","",""
"第二大陆爆率.txt","通用大怪","614","18","女儿红","好爆","0","0","",""
"第二大陆爆率.txt","通用大怪","615","18","莲花白","好爆","0","0","",""
"第二大陆爆率.txt","通用大怪","616","18","竹叶青","好爆","0","0","",""
"第二大陆爆率.txt","通用大怪","617","18","百花酿","好爆","0","0","",""
"第二大陆爆率.txt","通用大怪","618","18","八仙醉","好爆","0","0","",""
"第二大陆爆率.txt","通用大怪","621","58","殘魂必殺甲","好爆","0","0","",""
"第二大陆爆率.txt","通用大怪","622","58","殘魂必殺刃","好爆","0","0","",""
"第二大陆爆率.txt","通用大怪","623","5","殘魂神靴","好爆","0","0","",""
"第二大陆爆率.txt","通用大怪","624","5","殘魂神带","好爆","0","0","",""
"第二大陆爆率.txt","通用大怪","625","5","殘魂神戒","好爆","0","0","",""
"第二大陆爆率.txt","通用大怪","626","5","殘魂神镯","好爆","0","0","",""
"第二大陆爆率.txt","通用大怪","627","5","殘魂神链","好爆","0","0","",""
"第二大陆爆率.txt","通用大怪","628","5","殘魂神盔","好爆","0","0","",""
"第二大陆爆率.txt","通用大怪","629","58","殘魂必殺甲","好爆","0","0","",""
"第二大陆爆率.txt","通用大怪","630","58","殘魂必殺刃","好爆","0","0","",""
"第二大陆爆率.txt","通用大怪","631","5","殘魂神靴","好爆","0","0","",""
"第二大陆爆率.txt","通用大怪","632","5","殘魂神带","好爆","0","0","",""
"第二大陆爆率.txt","通用大怪","633","5","殘魂神戒","好爆","0","0","",""
"第二大陆爆率.txt","通用大怪","634","5","殘魂神镯","好爆","0","0","",""
"第二大陆爆率.txt","通用大怪","635","5","殘魂神链","好爆","0","0","",""
"第二大陆爆率.txt","通用大怪","636","5","殘魂神盔","好爆","0","0","",""
"第二大陆爆率.txt","通用大怪","637","58","殘魂必殺甲","好爆","0","0","",""
"第二大陆爆率.txt","通用大怪","638","58","殘魂必殺刃","好爆","0","0","",""
"第二大陆爆率.txt","通用大怪","639","5","殘魂神靴","好爆","0","0","",""
"第二大陆爆率.txt","通用大怪","640","5","殘魂神带","好爆","0","0","",""
"第二大陆爆率.txt","通用大怪","641","5","殘魂神戒","好爆","0","0","",""
"第二大陆爆率.txt","通用大怪","642","5","殘魂神镯","好爆","0","0","",""
"第二大陆爆率.txt","通用大怪","643","5","殘魂神链","好爆","0","0","",""
"第二大陆爆率.txt","通用大怪","644","5","殘魂神盔","好爆","0","0","",""
"第二大陆爆率.txt","通用大怪","645","86","黄金锁子甲","好爆","0","0","",""
"第二大陆爆率.txt","通用大怪","646","86","黄金霸王斩","好爆","0","0","",""
"第二大陆爆率.txt","通用大怪","647","10","黄金靴子","好爆","0","0","",""
"第二大陆爆率.txt","通用大怪","648","10","黄金腰带","好爆","0","0","",""
"第二大陆爆率.txt","通用大怪","649","10","黄金瞬影戒","好爆","0","0","",""
"第二大陆爆率.txt","通用大怪","650","10","黄金银河护手","好爆","0","0","",""
"第二大陆爆率.txt","通用大怪","651","10","黄金冥王链","好爆","0","0","",""
"第二大陆爆率.txt","通用大怪","652","10","黄金幽灵盔","好爆","0","0","",""
"第二大陆爆率.txt","通用大怪","653","122","狂王披风","一般","0","0","",""
"第二大陆爆率.txt","通用大怪","654","122","霸者神兵","一般","0","0","",""
"第二大陆爆率.txt","通用大怪","655","20","震天靴子","好爆","0","0","",""
"第二大陆爆率.txt","通用大怪","656","20","震天腰带","好爆","0","0","",""
"第二大陆爆率.txt","通用大怪","657","20","震天圣戒","好爆","0","0","",""
"第二大陆爆率.txt","通用大怪","658","20","震天护手","好爆","0","0","",""
"第二大陆爆率.txt","通用大怪","659","20","震天铃铛","好爆","0","0","",""
"第二大陆爆率.txt","通用大怪","660","20","震天头盔","好爆","0","0","",""
"第二大陆爆率.txt","通用大怪","661","188","天使羽衣","一般","0","0","",""
"第二大陆爆率.txt","通用大怪","662","188","审判之刃","一般","0","0","",""
"第二大陆爆率.txt","通用大怪","663","38","天使神靴","好爆","0","0","",""
"第二大陆爆率.txt","通用大怪","664","38","天使腰带","好爆","0","0","",""
"第二大陆爆率.txt","通用大怪","665","38","天使圣戒","好爆","0","0","",""
"第二大陆爆率.txt","通用大怪","666","38","天使旭日手","好爆","0","0","",""
"第二大陆爆率.txt","通用大怪","667","38","天使如意链","好爆","0","0","",""
"第二大陆爆率.txt","通用大怪","668","38","天使宝冠","好爆","0","0","",""
"第二大陆爆率.txt","通用大怪","669","258","毁天灭地甲","一般","0","0","",""
"第二大陆爆率.txt","通用大怪","670","258","天崩地裂斩","一般","0","0","",""
"第二大陆爆率.txt","通用大怪","671","128","毁灭の灵靴","一般","0","0","",""
"第二大陆爆率.txt","通用大怪","672","128","毁灭の腰带","一般","0","0","",""
"第二大陆爆率.txt","通用大怪","673","128","毁灭の影戒","一般","0","0","",""
"第二大陆爆率.txt","通用大怪","674","128","毁灭の亡镯","一般","0","0","",""
"第二大陆爆率.txt","通用大怪","675","128","毁灭の项链","一般","0","0","",""
"第二大陆爆率.txt","通用大怪","676","128","毁灭の面罩","一般","0","0","",""
"第二大陆爆率.txt","通用大怪","677","318","神·战甲","一般","0","0","",""
"第二大陆爆率.txt","通用大怪","678","318","神·暴风","一般","0","0","",""
"第二大陆爆率.txt","通用大怪","679","168","神·破灭神靴","一般","0","0","",""
"第二大陆爆率.txt","通用大怪","680","168","神·主宰仙带","一般","0","0","",""
"第二大陆爆率.txt","通用大怪","681","168","神·创世指","一般","0","0","",""
"第二大陆爆率.txt","通用大怪","682","168","神·毁灭镯","一般","0","0","",""
"第二大陆爆率.txt","通用大怪","683","168","神·皎洁月","一般","0","0","",""
"第二大陆爆率.txt","通用大怪","684","168","神·魔王盔","一般","0","0","",""
"第二大陆爆率.txt","通用大怪","685","438","圣·战甲","一般","0","0","",""
"第二大陆爆率.txt","通用大怪","686","438","圣·暴风","一般","0","0","",""
"第二大陆爆率.txt","通用大怪","687","208","圣·皇天靴","一般","0","0","",""
"第二大陆爆率.txt","通用大怪","688","208","圣·皇天带","一般","0","0","",""
"第二大陆爆率.txt","通用大怪","689","208","圣·毁苍生","一般","0","0","",""
"第二大陆爆率.txt","通用大怪","690","208","圣·灭苍穹","一般","0","0","",""
"第二大陆爆率.txt","通用大怪","691","208","圣·飞仙链","一般","0","0","",""
"第二大陆爆率.txt","通用大怪","692","208","圣·破九天","一般","0","0","",""
"第二大陆爆率.txt","通用大怪","693","688","雄霸","一般","0","0","",""
"第二大陆爆率.txt","通用大怪","694","688","血杀","一般","0","0","",""
"第二大陆爆率.txt","通用大怪","695","288","荒古·靴","一般","0","0","",""
"第二大陆爆率.txt","通用大怪","696","288","荒古·带","一般","0","0","",""
"第二大陆爆率.txt","通用大怪","697","288","荒古·戒","一般","0","0","",""
"第二大陆爆率.txt","通用大怪","698","288","荒古·镯","一般","0","0","",""
"第二大陆爆率.txt","通用大怪","699","288","荒古·链","一般","0","0","",""
"第二大陆爆率.txt","通用大怪","700","288","荒古·盔","一般","0","0","",""
"第二大陆爆率.txt","通用大怪","701","898","心梦碎光","一般","0","0","",""
"第二大陆爆率.txt","通用大怪","702","898","梦回","一般","0","0","",""
"第二大陆爆率.txt","通用大怪","703","358","遗尘·靴","一般","0","0","",""
"第二大陆爆率.txt","通用大怪","704","358","遗尘·带","一般","0","0","",""
"第二大陆爆率.txt","通用大怪","705","358","遗尘·戒","一般","0","0","",""
"第二大陆爆率.txt","通用大怪","706","358","遗尘·镯","一般","0","0","",""
"第二大陆爆率.txt","通用大怪","707","358","遗尘·链","一般","0","0","",""
"第二大陆爆率.txt","通用大怪","708","358","遗尘·盔","一般","0","0","",""
"第二大陆爆率.txt","通用大怪","709","1588","深蓝传说","难爆","0","0","",""
"第二大陆爆率.txt","通用大怪","710","1588","千年","难爆","0","0","",""
"第二大陆爆率.txt","通用大怪","711","422","灭世·靴","一般","0","0","",""
"第二大陆爆率.txt","通用大怪","712","422","灭世·带","一般","0","0","",""
"第二大陆爆率.txt","通用大怪","713","422","灭世·戒","一般","0","0","",""
"第二大陆爆率.txt","通用大怪","714","422","灭世·手","一般","0","0","",""
"第二大陆爆率.txt","通用大怪","715","422","灭世·链","一般","0","0","",""
"第二大陆爆率.txt","通用大怪","716","422","灭世·盔","一般","0","0","",""
"第二大陆爆率.txt","通用大怪","717","3022","深蓝之恋","难爆","0","0","",""
"第二大陆爆率.txt","通用大怪","718","3022","转瞬","难爆","0","0","",""
"第二大陆爆率.txt","通用大怪","719","422","降龍·靴","一般","0","0","",""
"第二大陆爆率.txt","通用大怪","720","422","降龍·带","一般","0","0","",""
"第二大陆爆率.txt","通用大怪","721","422","降龍·指","一般","0","0","",""
"第二大陆爆率.txt","通用大怪","722","422","降龍·镯","一般","0","0","",""
"第二大陆爆率.txt","通用大怪","723","422","降龍·链","一般","0","0","",""
"第二大陆爆率.txt","通用大怪","724","422","降龍·盔","一般","0","0","",""
"第二大陆爆率.txt","通用大怪","725","5555","万里追云","难爆","0","0","",""
"第二大陆爆率.txt","通用大怪","726","5555","轮回","难爆","0","0","",""
"第二大陆爆率.txt","通用大怪","727","555","圣罗痴情·靴","一般","0","0","",""
"第二大陆爆率.txt","通用大怪","728","555","圣罗痴情·带","一般","0","0","",""
"第二大陆爆率.txt","通用大怪","729","555","圣罗痴情·戒","一般","0","0","",""
"第二大陆爆率.txt","通用大怪","730","555","圣罗痴情·镯","一般","0","0","",""
"第二大陆爆率.txt","通用大怪","731","555","圣罗痴情·链","一般","0","0","",""
"第二大陆爆率.txt","通用大怪","732","555","圣罗痴情·盔","一般","0","0","",""
"第二大陆爆率.txt","通用大怪","733","8658","金丝羽灵","难爆","0","0","",""
"第二大陆爆率.txt","通用大怪","734","8658","碧血","难爆","0","0","",""
"第二大陆爆率.txt","通用大怪","735","658","苦罗痴心·靴","一般","0","0","",""
"第二大陆爆率.txt","通用大怪","736","658","苦罗痴心·带","一般","0","0","",""
"第二大陆爆率.txt","通用大怪","737","658","苦罗痴心·戒","一般","0","0","",""
"第二大陆爆率.txt","通用大怪","738","658","苦罗痴心·镯","一般","0","0","",""
"第二大陆爆率.txt","通用大怪","739","658","苦罗痴心·链","一般","0","0","",""
"第二大陆爆率.txt","通用大怪","740","658","苦罗痴心·盔","一般","0","0","",""
"第二大陆爆率.txt","通用大怪","741","15958","碎梦涵光","难爆","0","0","",""
"第二大陆爆率.txt","通用大怪","742","15958","妖异","难爆","0","0","",""
"第二大陆爆率.txt","通用大怪","743","958","金罗痴梦·靴","一般","0","0","",""
"第二大陆爆率.txt","通用大怪","744","958","金罗痴梦·带","一般","0","0","",""
"第二大陆爆率.txt","通用大怪","745","958","金罗痴梦·戒","一般","0","0","",""
"第二大陆爆率.txt","通用大怪","746","958","金罗痴梦·镯","一般","0","0","",""
"第二大陆爆率.txt","通用大怪","747","958","金罗痴梦·链","一般","0","0","",""
"第二大陆爆率.txt","通用大怪","748","958","金罗痴梦·盔","一般","0","0","",""
"第二大陆爆率.txt","通用大怪","753","18888","裂天","难爆","0","0","",""
"第二大陆爆率.txt","通用大怪","754","18888","锁鳞","难爆","0","0","",""
"第二大陆爆率.txt","通用大怪","755","388","九霄游风","一般","0","0","",""
"第二大陆爆率.txt","通用大怪","756","388","长歌踏月","一般","0","0","",""
"第二大陆爆率.txt","通用大怪","757","388","赤炎龙王之心","一般","0","0","",""
"第二大陆爆率.txt","通用大怪","758","388","藏地の聚光剑","一般","0","0","",""
"第二大陆爆率.txt","通用大怪","759","388","明冽寒","一般","0","0","",""
"第二大陆爆率.txt","通用大怪","760","188","被封印的棺材","一般","0","0","",""
"第二大陆爆率.txt","通用大怪","761","288","[無盡]死神之盾","一般","0","0","",""
"第二大陆爆率.txt","通用大怪","762","6888","封魔镇狱","难爆","0","0","",""
"第二大陆爆率.txt","通用大怪","763","1588","寂影孤魂","难爆","0","0","",""
"第二大陆爆率.txt","通用大怪","764","19888","赤焰戒","难爆","0","0","",""
"第二大陆爆率.txt","通用大怪","765","1588","火龙束带","难爆","0","0","",""
"第二大陆爆率.txt","通用大怪","766","1588","夜幕","难爆","0","0","",""
"第二大陆爆率.txt","通用大怪","767","1588","烈风之履","难爆","0","0","",""
"第二大陆爆率.txt","通用大怪","768","1588","火种之戒","难爆","0","0","",""
"第二大陆爆率.txt","通用大怪","769","1588","炽焰珠链","难爆","0","0","",""
"第二大陆爆率.txt","通用大怪","770","1588","炎凰冕盔","难爆","0","0","",""
"第二大陆爆率.txt","通用大怪","771","88","黑日","好爆","0","0","",""
"第二大陆爆率.txt","通用大怪","772","88","不朽","好爆","0","0","",""
"第二大陆爆率.txt","通用大怪","773","88","血系结罗","好爆","0","0","",""
"第二大陆爆率.txt","通用大怪","774","88","湿婆业舞","好爆","0","0","",""
"第二大陆爆率.txt","通用大怪","775","88","王权","好爆","0","0","",""
"第二大陆爆率.txt","通用大怪","776","88","君焰","好爆","0","0","",""
"第二大陆爆率.txt","通用大怪","777","188","风王之瞳","一般","0","0","",""
"第二大陆爆率.txt","通用大怪","778","188","轮回之力","一般","0","0","",""
"第二大陆爆率.txt","通用大怪","779","188","自闭圆顿裹","一般","0","0","",""
"第二大陆爆率.txt","通用大怪","780","188","怠惰の罪","一般","0","0","",""
"第二大陆爆率.txt","通用大怪","781","388","弑序亲王","一般","0","0","",""
"第二大陆爆率.txt","通用大怪","782","388","命运之轮","一般","0","0","",""
"第二大陆爆率.txt","通用大怪","783","388","星空·道极","一般","0","0","",""
"第二大陆爆率.txt","通用大怪","784","388","死之藤蔓","一般","0","0","",""
"第二大陆爆率.txt","通用大怪","785","388","流明","一般","0","0","",""
"第二大陆爆率.txt","通用大怪","786","388","旧日支配者","一般","0","0","",""
"第二大陆爆率.txt","通用大怪","787","588","耶梦加得","一般","0","0","",""
"第二大陆爆率.txt","通用大怪","788","588","尼德霍格","一般","0","0","",""
"第二大陆爆率.txt","通用大怪","789","588","血の恩赐","一般","0","0","",""
"第二大陆爆率.txt","通用大怪","790","588","黑炎牢狱","一般","0","0","",""
"第二大陆爆率.txt","通用大怪","791","1588","星辰神器","难爆","0","0","",""
"第二大陆爆率.txt","通用大怪","792","1588","此下众生","难爆","0","0","",""
"第二大陆爆率.txt","通用大怪","793","1588","此上无人","难爆","0","0","",""
"第二大陆爆率.txt","通用大怪","794","1588","烟雨醉浮生","难爆","0","0","",""
"第二大陆爆率.txt","通用大怪","795","1588","落花三千","难爆","0","0","",""
"第二大陆爆率.txt","通用大怪","796","1588","流水无情","难爆","0","0","",""
"第二大陆爆率.txt","通用大怪","797","2588","世界树灵枝","难爆","0","0","",""
"第二大陆爆率.txt","通用大怪","798","2588","午夜虹吸","难爆","0","0","",""
"第二大陆爆率.txt","通用大怪","799","2588","王之蔑视","难爆","0","0","",""
"第二大陆爆率.txt","通用大怪","800","2588","特修斯の魔","难爆","0","0","",""
"第二大陆爆率.txt","通用大怪","801","388","狂·崆峒靴子","一般","0","0","",""
"第二大陆爆率.txt","通用大怪","802","388","狂·崆峒腰带","一般","0","0","",""
"第二大陆爆率.txt","通用大怪","803","388","狂·崆峒戒指","一般","0","0","",""
"第二大陆爆率.txt","通用大怪","804","388","狂·崆峒手镯","一般","0","0","",""
"第二大陆爆率.txt","通用大怪","805","388","狂·崆峒项链","一般","0","0","",""
"第二大陆爆率.txt","通用大怪","806","388","狂·崆峒头盔","一般","0","0","",""
"第二大陆爆率.txt","通用大怪","807","1288","暴·乾坤靴子","难爆","0","0","",""
"第二大陆爆率.txt","通用大怪","808","1288","暴·乾坤腰带","难爆","0","0","",""
"第二大陆爆率.txt","通用大怪","809","1288","暴·乾坤戒指","难爆","0","0","",""
"第二大陆爆率.txt","通用大怪","810","1288","暴·乾坤手镯","难爆","0","0","",""
"第二大陆爆率.txt","通用大怪","811","1288","暴·乾坤项链","难爆","0","0","",""
"第二大陆爆率.txt","通用大怪","812","1288","暴·乾坤头盔","难爆","0","0","",""
"第二大陆爆率.txt","通用大怪","813","3888","神·神龙靴子","难爆","0","0","",""
"第二大陆爆率.txt","通用大怪","814","3888","神·神龙腰带","难爆","0","0","",""
"第二大陆爆率.txt","通用大怪","815","3888","神·神龙戒指","难爆","0","0","",""
"第二大陆爆率.txt","通用大怪","816","3888","神·神龙手镯","难爆","0","0","",""
"第二大陆爆率.txt","通用大怪","817","3888","神·神龙项链","难爆","0","0","",""
"第二大陆爆率.txt","通用大怪","818","3888","神·神龙头盔","难爆","0","0","",""
"第二大陆爆率.txt","通用大怪","819","222","雷霆幻","一般","0","0","",""
"第二大陆爆率.txt","通用大怪","820","222","龙鳞震岳","一般","0","0","",""
"第二大陆爆率.txt","通用大怪","821","222","啸风逐电","一般","0","0","",""
"第二大陆爆率.txt","通用大怪","822","222","天罚雷击","一般","0","0","",""
"第二大陆爆率.txt","通用大怪","823","222","烈焰焚天","一般","0","0","",""
"第二大陆爆率.txt","通用大怪","824","222","霜雪之间","一般","0","0","",""
"第二大陆爆率.txt","通用大怪","940","288888","猪脑过载","难爆","0","0","",""
"第二大陆爆率.txt","通用大怪","941","688888","魔法盾","难爆","0","0","",""
"第二大陆爆率.txt","通用大怪","942","288888","护体神盾","难爆","0","0","",""
"第二大陆爆率.txt","通用大怪","943","15988888","玄武震天尊","难爆","0","0","",""
"第二大陆爆率.txt","通用大怪","944","15988888","致命节奏","难爆","0","0","",""
"第二大陆爆率.txt","通用大怪","945","15988888","熱翔","难爆","0","0","",""
"第二大陆爆率.txt","通用大怪","946","15988888","东皇钟魂","难爆","0","0","",""
"第二大陆爆率.txt","通用大怪","948","200","江湖意志","一般","0","0","",""
"第二大陆爆率.txt","通用大怪","949","50","斗笠之魂","好爆","0","0","",""
"第二大陆爆率.txt","通用大怪","950","222","酿酒宝典","一般","0","0","",""
"第五大陆爆率.txt","通用","3","1","元宝[5]","好爆","0","0","",""
"第五大陆爆率.txt","通用","4","2","元宝[5]","好爆","0","0","",""
"第五大陆爆率.txt","通用","5","2","元宝[5]","好爆","0","0","",""
"第五大陆爆率.txt","通用","7","1","金币(小)","好爆","0","0","",""
"第五大陆爆率.txt","通用","8","10","金币(小)","好爆","0","0","",""
"第五大陆爆率.txt","通用","9","15","金币(小)","好爆","0","0","",""
"第五大陆爆率.txt","通用","10","45","金币(中)","好爆","0","0","",""
"第五大陆爆率.txt","通用","11","688","金币(大)","一般","0","0","",""
"第五大陆爆率.txt","通用","15","388","女儿红","一般","0","0","",""
"第五大陆爆率.txt","通用","16","388","莲花白","一般","0","0","",""
"第五大陆爆率.txt","通用","17","188","竹叶青","一般","0","0","",""
"第五大陆爆率.txt","通用","18","188","百花酿","一般","0","0","",""
"第五大陆爆率.txt","通用","19","188","八仙醉","一般","0","0","",""
"第五大陆爆率.txt","通用","21","8888","幻灵石","难爆","0","0","",""
"第五大陆爆率.txt","通用","41","388888","卍乱·阴阳卍|@bl_zyjhl3","有条件的爆","1","0","","bl_zyjhl3"
"第五大陆爆率.txt","通用","42","388888","卍锁·轮回卍|@bl_zyjhl3","有条件的爆","1","0","","bl_zyjhl3"
"第五大陆爆率.txt","通用","43","388888","卍斩·因果卍|@bl_zyjhl3","有条件的爆","1","0","","bl_zyjhl3"
"第五大陆爆率.txt","通用","44","388888","卍破·万法卍|@bl_zyjhl3","有条件的爆","1","0","","bl_zyjhl3"
"第五大陆爆率.txt","通用","45","388888","卍渎·神祁卍|@bl_zyjhl3","有条件的爆","1","0","","bl_zyjhl3"
"第五大陆爆率.txt","通用","90","4888888","荣耀之证","有条件的爆","1","1","U225 > 1000",""
"第五大陆爆率.txt","通用","92","456999","净世真言","难爆","0","0","",""
"第五大陆爆率.txt","通用","93","168999","天恩圣符","难爆","0","0","",""
"第五大陆爆率.txt","通用","94","168999","黎明之誓","难爆","0","0","",""
"第五大陆爆率.txt","通用","95","168999","圣光誓约","难爆","0","0","",""
"第五大陆爆率.txt","通用","96","928888","被封印的剑灵","难爆","0","0","",""
"第五大陆爆率.txt","通用","97","528888","月如歌","难爆","0","0","",""
"第五大陆爆率.txt","通用","98","528888","月中寒","难爆","0","0","",""
"第五大陆爆率.txt","通用","99","528888","弑道焚心","难爆","0","0","",""
"第五大陆爆率.txt","通用","100","528888","万劫归墟","难爆","0","0","",""
"第五大陆爆率.txt","通用","101","528888","鸿蒙初判","难爆","0","0","",""
"第五大陆爆率.txt","通用","103","188","黑日","一般","0","0","",""
"第五大陆爆率.txt","通用","104","188","不朽","一般","0","0","",""
"第五大陆爆率.txt","通用","105","188","血系结罗","一般","0","0","",""
"第五大陆爆率.txt","通用","106","188","湿婆业舞","一般","0","0","",""
"第五大陆爆率.txt","通用","107","188","王权","一般","0","0","",""
"第五大陆爆率.txt","通用","108","188","君焰","一般","0","0","",""
"第五大陆爆率.txt","通用","109","288","风王之瞳","一般","0","0","",""
"第五大陆爆率.txt","通用","110","288","轮回之力","一般","0","0","",""
"第五大陆爆率.txt","通用","111","288","自闭圆顿裹","一般","0","0","",""
"第五大陆爆率.txt","通用","112","288","怠惰の罪","一般","0","0","",""
"第五大陆爆率.txt","通用","113","688","弑序亲王","一般","0","0","",""
"第五大陆爆率.txt","通用","114","688","命运之轮","一般","0","0","",""
"第五大陆爆率.txt","通用","115","688","星空·道极","一般","0","0","",""
"第五大陆爆率.txt","通用","116","688","死之藤蔓","一般","0","0","",""
"第五大陆爆率.txt","通用","117","688","流明","一般","0","0","",""
"第五大陆爆率.txt","通用","118","688","旧日支配者","一般","0","0","",""
"第五大陆爆率.txt","通用","119","988","耶梦加得","一般","0","0","",""
"第五大陆爆率.txt","通用","120","988","尼德霍格","一般","0","0","",""
"第五大陆爆率.txt","通用","121","988","血の恩赐","一般","0","0","",""
"第五大陆爆率.txt","通用","122","988","黑炎牢狱","一般","0","0","",""
"第五大陆爆率.txt","通用","123","1588","星辰神器","难爆","0","0","",""
"第五大陆爆率.txt","通用","124","1588","此下众生","难爆","0","0","",""
"第五大陆爆率.txt","通用","125","1588","此上无人","难爆","0","0","",""
"第五大陆爆率.txt","通用","126","1588","烟雨醉浮生","难爆","0","0","",""
"第五大陆爆率.txt","通用","127","1588","落花三千","难爆","0","0","",""
"第五大陆爆率.txt","通用","128","1588","流水无情","难爆","0","0","",""
"第五大陆爆率.txt","通用","129","2588","世界树灵枝","难爆","0","0","",""
"第五大陆爆率.txt","通用","130","2588","午夜虹吸","难爆","0","0","",""
"第五大陆爆率.txt","通用","131","2588","王之蔑视","难爆","0","0","",""
"第五大陆爆率.txt","通用","132","2588","特修斯の魔","难爆","0","0","",""
"第五大陆爆率.txt","通用","133","288","妖魔玉佩","一般","0","0","",""
"第五大陆爆率.txt","通用","134","288","不死之花","一般","0","0","",""
"第五大陆爆率.txt","通用","135","288","月光钻石","一般","0","0","",""
"第五大陆爆率.txt","通用","136","288","大佛舍利","一般","0","0","",""
"第五大陆爆率.txt","通用","137","288","魔晶戒指","一般","0","0","",""
"第五大陆爆率.txt","通用","138","288","初心手镯","一般","0","0","",""
"第五大陆爆率.txt","通用","139","888","魔王水晶","一般","0","0","",""
"第五大陆爆率.txt","通用","140","888","魔王神油","一般","0","0","",""
"第五大陆爆率.txt","通用","141","888","恶魔牙骨","一般","0","0","",""
"第五大陆爆率.txt","通用","142","888","恶魔之角","一般","0","0","",""
"第五大陆爆率.txt","通用","143","888","魔罗指环","一般","0","0","",""
"第五大陆爆率.txt","通用","144","888","魔罗之卵","一般","0","0","",""
"第五大陆爆率.txt","通用","145","1888","虚耗(太古结界)","难爆","0","0","",""
"第五大陆爆率.txt","通用","146","1888","祖明(太古结界)","难爆","0","0","",""
"第五大陆爆率.txt","通用","147","1888","穷奇(太古结界)","难爆","0","0","",""
"第五大陆爆率.txt","通用","148","1888","疆良(太古结界)","难爆","0","0","",""
"第五大陆爆率.txt","通用","149","1888","伯奇(太古结界)","难爆","0","0","",""
"第五大陆爆率.txt","通用","150","1888","雄伯(太古结界)","难爆","0","0","",""
"第五大陆爆率.txt","通用","151","388","狂·崆峒靴子","一般","0","0","",""
"第五大陆爆率.txt","通用","152","388","狂·崆峒腰带","一般","0","0","",""
"第五大陆爆率.txt","通用","153","388","狂·崆峒戒指","一般","0","0","",""
"第五大陆爆率.txt","通用","154","388","狂·崆峒手镯","一般","0","0","",""
"第五大陆爆率.txt","通用","155","388","狂·崆峒项链","一般","0","0","",""
"第五大陆爆率.txt","通用","156","388","狂·崆峒头盔","一般","0","0","",""
"第五大陆爆率.txt","通用","157","1288","暴·乾坤靴子","难爆","0","0","",""
"第五大陆爆率.txt","通用","158","1288","暴·乾坤腰带","难爆","0","0","",""
"第五大陆爆率.txt","通用","159","1288","暴·乾坤戒指","难爆","0","0","",""
"第五大陆爆率.txt","通用","160","1288","暴·乾坤手镯","难爆","0","0","",""
"第五大陆爆率.txt","通用","161","1288","暴·乾坤项链","难爆","0","0","",""
"第五大陆爆率.txt","通用","162","1288","暴·乾坤头盔","难爆","0","0","",""
"第五大陆爆率.txt","通用","163","3888","神·神龙靴子","难爆","0","0","",""
"第五大陆爆率.txt","通用","164","3888","神·神龙腰带","难爆","0","0","",""
"第五大陆爆率.txt","通用","165","3888","神·神龙戒指","难爆","0","0","",""
"第五大陆爆率.txt","通用","166","3888","神·神龙手镯","难爆","0","0","",""
"第五大陆爆率.txt","通用","167","3888","神·神龙项链","难爆","0","0","",""
"第五大陆爆率.txt","通用","168","3888","神·神龙头盔","难爆","0","0","",""
"第五大陆爆率.txt","通用","169","2555","雷霆幻","难爆","0","0","",""
"第五大陆爆率.txt","通用","170","2555","龙鳞震岳","难爆","0","0","",""
"第五大陆爆率.txt","通用","171","2555","啸风逐电","难爆","0","0","",""
"第五大陆爆率.txt","通用","172","2555","天罚雷击","难爆","0","0","",""
"第五大陆爆率.txt","通用","173","2555","烈焰焚天","难爆","0","0","",""
"第五大陆爆率.txt","通用","174","2555","霜雪之间","难爆","0","0","",""
"第五大陆爆率.txt","通用","175","1088","雪隐残锋","难爆","0","0","",""
"第五大陆爆率.txt","通用","176","1088","惊雷震世","难爆","0","0","",""
"第五大陆爆率.txt","通用","177","1088","烬海残光","难爆","0","0","",""
"第五大陆爆率.txt","通用","178","1088","苍穹寂灭","难爆","0","0","",""
"第五大陆爆率.txt","通用","179","1088","月华流影","难爆","0","0","",""
"第五大陆爆率.txt","通用","180","1088","傲霜孤","难爆","0","0","",""
"第五大陆爆率.txt","通用","181","1088","炽焰护腕","难爆","0","0","",""
"第五大陆爆率.txt","通用","182","1088","烈焰指环","难爆","0","0","",""
"第五大陆爆率.txt","通用","183","1088","王权圣戒","难爆","0","0","",""
"第五大陆爆率.txt","通用","184","1088","龙魂吊坠","难爆","0","0","",""
"第五大陆爆率.txt","通用","223","388888","猪脑过载","难爆","0","0","",""
"第五大陆爆率.txt","通用","224","2888888","魔法盾[技能]","难爆","0","0","",""
"第五大陆爆率.txt","通用","225","488888","护体神盾","难爆","0","0","",""
"第五大陆爆率.txt","通用","226","5988888","玄武震天尊","难爆","0","0","",""
"第五大陆爆率.txt","通用","227","5988888","致命节奏","难爆","0","0","",""
"第五大陆爆率.txt","通用","228","5988888","熱翔","难爆","0","0","",""
"第五大陆爆率.txt","通用","229","5988888","东皇钟魂","难爆","0","0","",""
"第五大陆爆率.txt","通用","232","14988888","神农百草令","有条件的爆","1","1","U225 > 2000",""
"第五大陆爆率.txt","通用","233","14988888","伏羲八卦印","有条件的爆","1","1","U225 > 2000",""
"第五大陆爆率.txt","通用","234","14988888","女娲补天石","有条件的爆","1","1","U225 > 2000",""
"第五大陆爆率.txt","通用","235","14988888","盘古遗泽","有条件的爆","1","1","U225 > 2000",""
"第五大陆爆率.txt","通用","236","14988888","先天一气","有条件的爆","1","1","U225 > 2000",""
"第五大陆爆率.txt","通用","237","14988888","太初灵韵","有条件的爆","1","1","U225 > 2000",""
"第五大陆爆率.txt","通用","238","14988888","卐卐正道鏡卐卐","有条件的爆","1","1","U225 > 2000",""
"第五大陆爆率.txt","通用","239","14988888","卐卐提魂锁卐卐","有条件的爆","1","1","U225 > 2000",""
"第五大陆爆率.txt","通用","240","14988888","△△雷道天卷△△","有条件的爆","1","1","U225 > 2000",""
"第五大陆爆率.txt","通用","241","14988888","△△玄天令△△","有条件的爆","1","1","U225 > 2000",""
"第五大陆爆率.txt","通用","242","14988888","▲▲火雲真經▲▲","有条件的爆","1","1","U225 > 2000",""
"第五大陆爆率.txt","通用","243","14988888","▲▲水鏡太極▲▲","有条件的爆","1","1","U225 > 2000",""
"第五大陆爆率.txt","通用","244","14988888","‖「谣影神靴」‖","有条件的爆","1","1","U225 > 2000",""
"第五大陆爆率.txt","通用","245","14988888","‖「太清流珠」‖","有条件的爆","1","1","U225 > 2000",""
"第五大陆爆率.txt","通用","272","100","修为丹（小）","好爆","0","0","",""
"第五大陆爆率.txt","通用","273","1000","修为丹（大）","一般","0","0","",""
"第五大陆爆率.txt","通用","274","88","高阶强化石","好爆","0","0","",""
"第五大陆爆率.txt","通用","275","300","五行石","一般","0","0","",""
"第五大陆爆率.txt","通用","276","200","杀伐神石[小]|@bl_zyjhl5","有条件的爆","1","0","","bl_zyjhl5"
"第五大陆爆率.txt","通用","277","1555","杀伐神石[大]|@bl_zyjhl5","有条件的爆","1","0","","bl_zyjhl5"
"第五大陆爆率.txt","通用","278","588","神石宝箱","一般","0","0","",""
"第五大陆爆率.txt","通用","279","888","藏宝图碎片","一般","0","0","",""
"第五大陆爆率.txt","通用","280","300","酒糟","一般","0","0","",""
"第五大陆爆率.txt","通用中怪","295","5","100元宝","好爆","0","0","",""
"第五大陆爆率.txt","通用中怪","296","1","金币红包(小)","好爆","0","0","",""
"第五大陆爆率.txt","通用中怪","297","3","金币红包(小)","好爆","0","0","",""
"第五大陆爆率.txt","通用中怪","298","5","金币红包(中)","好爆","0","0","",""
"第五大陆爆率.txt","通用中怪","301","5","20元宝","好爆","0","0","",""
"第五大陆爆率.txt","通用中怪","302","1","金币红包(小)","好爆","0","0","",""
"第五大陆爆率.txt","通用中怪","303","3","金币红包(小)","好爆","0","0","",""
"第五大陆爆率.txt","通用中怪","304","5","金币红包(中)","好爆","0","0","",""
"第五大陆爆率.txt","通用中怪","308","1","天工之锤","好爆","0","0","",""
"第五大陆爆率.txt","通用中怪","309","1","焚天石","好爆","0","0","",""
"第五大陆爆率.txt","通用中怪","310","1","天工之锤","好爆","0","0","",""
"第五大陆爆率.txt","通用中怪","311","1","焚天石","好爆","0","0","",""
"第五大陆爆率.txt","通用中怪","312","1","天工之锤","好爆","0","0","",""
"第五大陆爆率.txt","通用中怪","313","1","焚天石","好爆","0","0","",""
"第五大陆爆率.txt","通用中怪","314","1","天工之锤","好爆","0","0","",""
"第五大陆爆率.txt","通用中怪","315","1","焚天石","好爆","0","0","",""
"第五大陆爆率.txt","通用中怪","316","33","幻灵水晶","好爆","0","0","",""
"第五大陆爆率.txt","通用中怪","317","1888","幻灵石","难爆","0","0","",""
"第五大陆爆率.txt","通用中怪","319","18","秋露白","好爆","0","0","",""
"第五大陆爆率.txt","通用中怪","320","18","金茎露","好爆","0","0","",""
"第五大陆爆率.txt","通用中怪","321","18","寒潭香","好爆","0","0","",""
"第五大陆爆率.txt","通用中怪","322","18","竹叶青","好爆","0","0","",""
"第五大陆爆率.txt","通用中怪","323","18","女儿红","好爆","0","0","",""
"第五大陆爆率.txt","通用中怪","325","928888","被封印的剑灵","难爆","0","0","",""
"第五大陆爆率.txt","通用中怪","326","528888","月如歌","难爆","0","0","",""
"第五大陆爆率.txt","通用中怪","327","528888","月中寒","难爆","0","0","",""
"第五大陆爆率.txt","通用中怪","328","528888","弑道焚心","难爆","0","0","",""
"第五大陆爆率.txt","通用中怪","329","528888","万劫归墟","难爆","0","0","",""
"第五大陆爆率.txt","通用中怪","330","528888","鸿蒙初判","难爆","0","0","",""
"第五大陆爆率.txt","通用中怪","337","364888","古神语","有条件的爆","1","1","U225 > 1000",""
"第五大陆爆率.txt","通用中怪","340","364888","古神语","难爆","0","0","",""
"第五大陆爆率.txt","通用中怪","342","66999","混沌余烬","难爆","0","0","",""
"第五大陆爆率.txt","通用中怪","343","66999","血祭残章","难爆","0","0","",""
"第五大陆爆率.txt","通用中怪","344","66999","亡语回响","难爆","0","0","",""
"第五大陆爆率.txt","通用中怪","345","1246999","深渊凝视","难爆","0","0","",""
"第五大陆爆率.txt","通用大怪","350","1","天工之锤","好爆","0","0","",""
"第五大陆爆率.txt","通用大怪","351","1","焚天石","好爆","0","0","",""
"第五大陆爆率.txt","通用大怪","352","1","天工之锤","好爆","0","0","",""
"第五大陆爆率.txt","通用大怪","353","1","焚天石","好爆","0","0","",""
"第五大陆爆率.txt","通用大怪","354","1","天工之锤","好爆","0","0","",""
"第五大陆爆率.txt","通用大怪","355","1","焚天石","好爆","0","0","",""
"第五大陆爆率.txt","通用大怪","356","1","天工之锤","好爆","0","0","",""
"第五大陆爆率.txt","通用大怪","357","1","焚天石","好爆","0","0","",""
"第五大陆爆率.txt","通用大怪","358","33","幻灵水晶","好爆","0","0","",""
"第五大陆爆率.txt","通用大怪","359","1888","幻灵石","难爆","0","0","",""
"第五大陆爆率.txt","通用大怪","361","18","秋露白","好爆","0","0","",""
"第五大陆爆率.txt","通用大怪","362","18","金茎露","好爆","0","0","",""
"第五大陆爆率.txt","通用大怪","363","18","寒潭香","好爆","0","0","",""
"第五大陆爆率.txt","通用大怪","364","18","竹叶青","好爆","0","0","",""
"第五大陆爆率.txt","通用大怪","365","18","女儿红","好爆","0","0","",""
"第五大陆爆率.txt","通用大怪","367","698888","封龙劍メ驱逐之刃","难爆","0","0","",""
"第五大陆爆率.txt","通用大怪","372","308888","封龙劍メ驱逐之刃","有条件的爆","1","1","U225 > 1000",""
"第五大陆爆率.txt","通用大怪","375","92888","被封印的剑灵","难爆","0","0","",""
"第五大陆爆率.txt","通用大怪","376","52888","月如歌","难爆","0","0","",""
"第五大陆爆率.txt","通用大怪","377","52888","月中寒","难爆","0","0","",""
"第五大陆爆率.txt","通用大怪","378","52888","弑道焚心","难爆","0","0","",""
"第五大陆爆率.txt","通用大怪","379","52888","万劫归墟","难爆","0","0","",""
"第五大陆爆率.txt","通用大怪","380","52888","鸿蒙初判","难爆","0","0","",""
"第八大陆爆率.txt","通用","3","1","元宝[5]","好爆","0","0","",""
"第八大陆爆率.txt","通用","4","2","元宝[5]","好爆","0","0","",""
"第八大陆爆率.txt","通用","5","2","元宝[5]","好爆","0","0","",""
"第八大陆爆率.txt","通用","7","1","金币(小)","好爆","0","0","",""
"第八大陆爆率.txt","通用","8","10","金币(小)","好爆","0","0","",""
"第八大陆爆率.txt","通用","9","15","金币(小)","好爆","0","0","",""
"第八大陆爆率.txt","通用","10","45","金币(中)","好爆","0","0","",""
"第八大陆爆率.txt","通用","11","688","金币(大)","一般","0","0","",""
"第八大陆爆率.txt","通用","72","100","修为丹（小）","好爆","0","0","",""
"第八大陆爆率.txt","通用","73","1000","修为丹（大）","一般","0","0","",""
"第八大陆爆率.txt","通用","74","200","杀伐神石[小]|@bl_zyjhl5","有条件的爆","1","0","","bl_zyjhl5"
"第八大陆爆率.txt","通用","75","1555","杀伐神石[大]|@bl_zyjhl5","有条件的爆","1","0","","bl_zyjhl5"
"第八大陆爆率.txt","通用","76","588","神石宝箱","一般","0","0","",""
"第八大陆爆率.txt","通用","77","888","藏宝图碎片","一般","0","0","",""
"第八大陆爆率.txt","通用","78","300","酒糟","一般","0","0","",""
"第六大陆爆率.txt","通用","3","1","元宝[5]","好爆","0","0","",""
"第六大陆爆率.txt","通用","4","2","元宝[5]","好爆","0","0","",""
"第六大陆爆率.txt","通用","5","2","元宝[5]","好爆","0","0","",""
"第六大陆爆率.txt","通用","7","1","金币(小)","好爆","0","0","",""
"第六大陆爆率.txt","通用","8","10","金币(小)","好爆","0","0","",""
"第六大陆爆率.txt","通用","9","15","金币(小)","好爆","0","0","",""
"第六大陆爆率.txt","通用","10","45","金币(中)","好爆","0","0","",""
"第六大陆爆率.txt","通用","11","688","金币(大)","一般","0","0","",""
"第六大陆爆率.txt","通用","73","333","幻灵水晶","一般","0","0","",""
"第六大陆爆率.txt","通用","74","4444","境界丹","难爆","0","0","",""
"第六大陆爆率.txt","通用","75","8888","幻灵石","难爆","0","0","",""
"第六大陆爆率.txt","通用","76","388","秋露白","一般","0","0","",""
"第六大陆爆率.txt","通用","77","388","金茎露","一般","0","0","",""
"第六大陆爆率.txt","通用","78","188","寒潭香","一般","0","0","",""
"第六大陆爆率.txt","通用","79","188","竹叶青","一般","0","0","",""
"第六大陆爆率.txt","通用","80","188","女儿红","一般","0","0","",""
"第六大陆爆率.txt","通用","83","1688888","时间之轮·聚变","有条件的爆","1","1","U225 > 1000",""
"第六大陆爆率.txt","通用","85","24888880","厄运代言人","难爆","0","0","",""
"第六大陆爆率.txt","通用","86","489990","蚀月镜","难爆","0","0","",""
"第六大陆爆率.txt","通用","87","1669990","狂怒护手","难爆","0","0","",""
"第六大陆爆率.txt","通用","88","1669990","狂意之怒","难爆","0","0","",""
"第六大陆爆率.txt","通用","89","1669990","魔渊面具","难爆","0","0","",""
"第六大陆爆率.txt","通用","90","928888","被封印的剑灵","难爆","0","0","",""
"第六大陆爆率.txt","通用","91","528888","月如歌","难爆","0","0","",""
"第六大陆爆率.txt","通用","92","528888","月中寒","难爆","0","0","",""
"第六大陆爆率.txt","通用","93","528888","弑道焚心","难爆","0","0","",""
"第六大陆爆率.txt","通用","94","528888","万劫归墟","难爆","0","0","",""
"第六大陆爆率.txt","通用","95","528888","鸿蒙初判","难爆","0","0","",""
"第六大陆爆率.txt","通用","97","188","黑日","一般","0","0","",""
"第六大陆爆率.txt","通用","98","188","不朽","一般","0","0","",""
"第六大陆爆率.txt","通用","99","188","血系结罗","一般","0","0","",""
"第六大陆爆率.txt","通用","100","188","湿婆业舞","一般","0","0","",""
"第六大陆爆率.txt","通用","101","188","王权","一般","0","0","",""
"第六大陆爆率.txt","通用","102","188","君焰","一般","0","0","",""
"第六大陆爆率.txt","通用","103","288","风王之瞳","一般","0","0","",""
"第六大陆爆率.txt","通用","104","288","轮回之力","一般","0","0","",""
"第六大陆爆率.txt","通用","105","288","自闭圆顿裹","一般","0","0","",""
"第六大陆爆率.txt","通用","106","288","怠惰の罪","一般","0","0","",""
"第六大陆爆率.txt","通用","107","688","弑序亲王","一般","0","0","",""
"第六大陆爆率.txt","通用","108","688","命运之轮","一般","0","0","",""
"第六大陆爆率.txt","通用","109","688","星空·道极","一般","0","0","",""
"第六大陆爆率.txt","通用","110","688","死之藤蔓","一般","0","0","",""
"第六大陆爆率.txt","通用","111","688","流明","一般","0","0","",""
"第六大陆爆率.txt","通用","112","688","旧日支配者","一般","0","0","",""
"第六大陆爆率.txt","通用","113","988","耶梦加得","一般","0","0","",""
"第六大陆爆率.txt","通用","114","988","尼德霍格","一般","0","0","",""
"第六大陆爆率.txt","通用","115","988","血の恩赐","一般","0","0","",""
"第六大陆爆率.txt","通用","116","988","黑炎牢狱","一般","0","0","",""
"第六大陆爆率.txt","通用","117","1588","星辰神器","难爆","0","0","",""
"第六大陆爆率.txt","通用","118","1588","此下众生","难爆","0","0","",""
"第六大陆爆率.txt","通用","119","1588","此上无人","难爆","0","0","",""
"第六大陆爆率.txt","通用","120","1588","烟雨醉浮生","难爆","0","0","",""
"第六大陆爆率.txt","通用","121","1588","落花三千","难爆","0","0","",""
"第六大陆爆率.txt","通用","122","1588","流水无情","难爆","0","0","",""
"第六大陆爆率.txt","通用","123","2588","世界树灵枝","难爆","0","0","",""
"第六大陆爆率.txt","通用","124","2588","午夜虹吸","难爆","0","0","",""
"第六大陆爆率.txt","通用","125","2588","王之蔑视","难爆","0","0","",""
"第六大陆爆率.txt","通用","126","2588","特修斯の魔","难爆","0","0","",""
"第六大陆爆率.txt","通用","127","288","妖魔玉佩","一般","0","0","",""
"第六大陆爆率.txt","通用","128","288","不死之花","一般","0","0","",""
"第六大陆爆率.txt","通用","129","288","月光钻石","一般","0","0","",""
"第六大陆爆率.txt","通用","130","288","大佛舍利","一般","0","0","",""
"第六大陆爆率.txt","通用","131","288","魔晶戒指","一般","0","0","",""
"第六大陆爆率.txt","通用","132","288","初心手镯","一般","0","0","",""
"第六大陆爆率.txt","通用","133","888","魔王水晶","一般","0","0","",""
"第六大陆爆率.txt","通用","134","888","魔王神油","一般","0","0","",""
"第六大陆爆率.txt","通用","135","888","恶魔牙骨","一般","0","0","",""
"第六大陆爆率.txt","通用","136","888","恶魔之角","一般","0","0","",""
"第六大陆爆率.txt","通用","137","888","魔罗指环","一般","0","0","",""
"第六大陆爆率.txt","通用","138","888","魔罗之卵","一般","0","0","",""
"第六大陆爆率.txt","通用","139","1888","虚耗(太古结界)","难爆","0","0","",""
"第六大陆爆率.txt","通用","140","1888","祖明(太古结界)","难爆","0","0","",""
"第六大陆爆率.txt","通用","141","1888","穷奇(太古结界)","难爆","0","0","",""
"第六大陆爆率.txt","通用","142","1888","疆良(太古结界)","难爆","0","0","",""
"第六大陆爆率.txt","通用","143","1888","伯奇(太古结界)","难爆","0","0","",""
"第六大陆爆率.txt","通用","144","1888","雄伯(太古结界)","难爆","0","0","",""
"第六大陆爆率.txt","通用","145","388","狂·崆峒靴子","一般","0","0","",""
"第六大陆爆率.txt","通用","146","388","狂·崆峒腰带","一般","0","0","",""
"第六大陆爆率.txt","通用","147","388","狂·崆峒戒指","一般","0","0","",""
"第六大陆爆率.txt","通用","148","388","狂·崆峒手镯","一般","0","0","",""
"第六大陆爆率.txt","通用","149","388","狂·崆峒项链","一般","0","0","",""
"第六大陆爆率.txt","通用","150","388","狂·崆峒头盔","一般","0","0","",""
"第六大陆爆率.txt","通用","151","1288","暴·乾坤靴子","难爆","0","0","",""
"第六大陆爆率.txt","通用","152","1288","暴·乾坤腰带","难爆","0","0","",""
"第六大陆爆率.txt","通用","153","1288","暴·乾坤戒指","难爆","0","0","",""
"第六大陆爆率.txt","通用","154","1288","暴·乾坤手镯","难爆","0","0","",""
"第六大陆爆率.txt","通用","155","1288","暴·乾坤项链","难爆","0","0","",""
"第六大陆爆率.txt","通用","156","1288","暴·乾坤头盔","难爆","0","0","",""
"第六大陆爆率.txt","通用","157","3888","神·神龙靴子","难爆","0","0","",""
"第六大陆爆率.txt","通用","158","3888","神·神龙腰带","难爆","0","0","",""
"第六大陆爆率.txt","通用","159","3888","神·神龙戒指","难爆","0","0","",""
"第六大陆爆率.txt","通用","160","3888","神·神龙手镯","难爆","0","0","",""
"第六大陆爆率.txt","通用","161","3888","神·神龙项链","难爆","0","0","",""
"第六大陆爆率.txt","通用","162","3888","神·神龙头盔","难爆","0","0","",""
"第六大陆爆率.txt","通用","163","2555","雷霆幻","难爆","0","0","",""
"第六大陆爆率.txt","通用","164","2555","龙鳞震岳","难爆","0","0","",""
"第六大陆爆率.txt","通用","165","2555","啸风逐电","难爆","0","0","",""
"第六大陆爆率.txt","通用","166","2555","天罚雷击","难爆","0","0","",""
"第六大陆爆率.txt","通用","167","2555","烈焰焚天","难爆","0","0","",""
"第六大陆爆率.txt","通用","168","2555","霜雪之间","难爆","0","0","",""
"第六大陆爆率.txt","通用","169","1088","雪隐残锋","难爆","0","0","",""
"第六大陆爆率.txt","通用","170","1088","惊雷震世","难爆","0","0","",""
"第六大陆爆率.txt","通用","171","1088","烬海残光","难爆","0","0","",""
"第六大陆爆率.txt","通用","172","1088","苍穹寂灭","难爆","0","0","",""
"第六大陆爆率.txt","通用","173","1088","月华流影","难爆","0","0","",""
"第六大陆爆率.txt","通用","174","1088","傲霜孤","难爆","0","0","",""
"第六大陆爆率.txt","通用","175","1088","炽焰护腕","难爆","0","0","",""
"第六大陆爆率.txt","通用","176","1088","烈焰指环","难爆","0","0","",""
"第六大陆爆率.txt","通用","177","1088","王权圣戒","难爆","0","0","",""
"第六大陆爆率.txt","通用","178","1088","龙魂吊坠","难爆","0","0","",""
"第六大陆爆率.txt","通用","217","388888","猪脑过载","难爆","0","0","",""
"第六大陆爆率.txt","通用","218","888888","魔法盾","难爆","0","0","",""
"第六大陆爆率.txt","通用","219","488888","护体神盾","难爆","0","0","",""
"第六大陆爆率.txt","通用","220","5988888","玄武震天尊","难爆","0","0","",""
"第六大陆爆率.txt","通用","221","5988888","致命节奏","难爆","0","0","",""
"第六大陆爆率.txt","通用","222","5988888","熱翔","难爆","0","0","",""
"第六大陆爆率.txt","通用","223","5988888","东皇钟魂","难爆","0","0","",""
"第六大陆爆率.txt","通用","226","8988888","神农百草令","有条件的爆","1","1","U225 > 2000",""
"第六大陆爆率.txt","通用","227","8988888","伏羲八卦印","有条件的爆","1","1","U225 > 2000",""
"第六大陆爆率.txt","通用","228","8988888","女娲补天石","有条件的爆","1","1","U225 > 2000",""
"第六大陆爆率.txt","通用","229","8988888","盘古遗泽","有条件的爆","1","1","U225 > 2000",""
"第六大陆爆率.txt","通用","230","8988888","先天一气","有条件的爆","1","1","U225 > 2000",""
"第六大陆爆率.txt","通用","231","8988888","太初灵韵","有条件的爆","1","1","U225 > 2000",""
"第六大陆爆率.txt","通用","258","100","修为丹（小）","好爆","0","0","",""
"第六大陆爆率.txt","通用","259","1000","修为丹（大）","一般","0","0","",""
"第六大陆爆率.txt","通用","260","300","五行石","一般","0","0","",""
"第六大陆爆率.txt","通用","261","200","杀伐神石[小]|@bl_zyjhl5","有条件的爆","1","0","","bl_zyjhl5"
"第六大陆爆率.txt","通用","262","1555","杀伐神石[大]|@bl_zyjhl5","有条件的爆","1","0","","bl_zyjhl5"
"第六大陆爆率.txt","通用","263","588","神石宝箱","一般","0","0","",""
"第六大陆爆率.txt","通用","264","888","藏宝图碎片","一般","0","0","",""
"第六大陆爆率.txt","通用","265","300","酒糟","一般","0","0","",""
"第六大陆爆率.txt","通用中怪","274","1","天工之锤","好爆","0","0","",""
"第六大陆爆率.txt","通用中怪","275","1","焚天石","好爆","0","0","",""
"第六大陆爆率.txt","通用中怪","276","1","天工之锤","好爆","0","0","",""
"第六大陆爆率.txt","通用中怪","277","1","焚天石","好爆","0","0","",""
"第六大陆爆率.txt","通用中怪","278","1","天工之锤","好爆","0","0","",""
"第六大陆爆率.txt","通用中怪","279","1","焚天石","好爆","0","0","",""
"第六大陆爆率.txt","通用中怪","280","5888","幻灵石","难爆","0","0","",""
"第六大陆爆率.txt","通用中怪","282","388","秋露白","一般","0","0","",""
"第六大陆爆率.txt","通用中怪","283","388","金茎露","一般","0","0","",""
"第六大陆爆率.txt","通用中怪","284","188","寒潭香","一般","0","0","",""
"第六大陆爆率.txt","通用中怪","285","188","竹叶青","一般","0","0","",""
"第六大陆爆率.txt","通用中怪","286","188","女儿红","一般","0","0","",""
"第六大陆爆率.txt","通用中怪","291","8888880","时间之轮·聚变","有条件的爆","1","1","U225 > 1000",""
"第六大陆爆率.txt","通用中怪","294","16888880","时间之轮·聚变","难爆","0","0","",""
"第六大陆爆率.txt","通用中怪","297","489990","时间锁","难爆","0","0","",""
"第六大陆爆率.txt","通用中怪","298","489990","轮回沙漏","难爆","0","0","",""
"第六大陆爆率.txt","通用中怪","299","489990","失落空间","难爆","0","0","",""
"第六大陆爆率.txt","通用中怪","302","928888","被封印的剑灵","难爆","0","0","",""
"第六大陆爆率.txt","通用中怪","303","528888","月如歌","难爆","0","0","",""
"第六大陆爆率.txt","通用中怪","304","528888","月中寒","难爆","0","0","",""
"第六大陆爆率.txt","通用中怪","305","528888","弑道焚心","难爆","0","0","",""
"第六大陆爆率.txt","通用中怪","306","528888","万劫归墟","难爆","0","0","",""
"第六大陆爆率.txt","通用中怪","307","528888","鸿蒙初判","难爆","0","0","",""
"第六大陆爆率.txt","通用大怪","312","5","100元宝","好爆","0","0","",""
"第六大陆爆率.txt","通用大怪","313","1","金币红包(小)","好爆","0","0","",""
"第六大陆爆率.txt","通用大怪","314","3","金币红包(小)","好爆","0","0","",""
"第六大陆爆率.txt","通用大怪","315","5","金币红包(中)","好爆","0","0","",""
"第六大陆爆率.txt","通用大怪","318","5","20元宝","好爆","0","0","",""
"第六大陆爆率.txt","通用大怪","319","1","金币红包(小)","好爆","0","0","",""
"第六大陆爆率.txt","通用大怪","320","3","金币红包(小)","好爆","0","0","",""
"第六大陆爆率.txt","通用大怪","321","5","金币红包(中)","好爆","0","0","",""
"第六大陆爆率.txt","通用大怪","324","1","天工之锤","好爆","0","0","",""
"第六大陆爆率.txt","通用大怪","325","1","焚天石","好爆","0","0","",""
"第六大陆爆率.txt","通用大怪","326","1","天工之锤","好爆","0","0","",""
"第六大陆爆率.txt","通用大怪","327","1","焚天石","好爆","0","0","",""
"第六大陆爆率.txt","通用大怪","328","1","天工之锤","好爆","0","0","",""
"第六大陆爆率.txt","通用大怪","329","1","焚天石","好爆","0","0","",""
"第六大陆爆率.txt","通用大怪","330","1","天工之锤","好爆","0","0","",""
"第六大陆爆率.txt","通用大怪","331","1","焚天石","好爆","0","0","",""
"第六大陆爆率.txt","通用大怪","332","1","天工之锤","好爆","0","0","",""
"第六大陆爆率.txt","通用大怪","333","1","焚天石","好爆","0","0","",""
"第六大陆爆率.txt","通用大怪","334","1","天工之锤","好爆","0","0","",""
"第六大陆爆率.txt","通用大怪","335","1","焚天石","好爆","0","0","",""
"第六大陆爆率.txt","通用大怪","336","1","天工之锤","好爆","0","0","",""
"第六大陆爆率.txt","通用大怪","337","1","焚天石","好爆","0","0","",""
"第六大陆爆率.txt","通用大怪","338","1","天工之锤","好爆","0","0","",""
"第六大陆爆率.txt","通用大怪","339","1","焚天石","好爆","0","0","",""
"第六大陆爆率.txt","通用大怪","340","33","幻灵水晶","好爆","0","0","",""
"第六大陆爆率.txt","通用大怪","341","1888","幻灵石","难爆","0","0","",""
"第六大陆爆率.txt","通用大怪","343","18","秋露白","好爆","0","0","",""
"第六大陆爆率.txt","通用大怪","344","18","金茎露","好爆","0","0","",""
"第六大陆爆率.txt","通用大怪","345","18","寒潭香","好爆","0","0","",""
"第六大陆爆率.txt","通用大怪","346","18","竹叶青","好爆","0","0","",""
"第六大陆爆率.txt","通用大怪","347","18","女儿红","好爆","0","0","",""
"第六大陆爆率.txt","通用大怪","400","928888","被封印的剑灵","难爆","0","0","",""
"第六大陆爆率.txt","通用大怪","401","528888","月如歌","难爆","0","0","",""
"第六大陆爆率.txt","通用大怪","402","528888","月中寒","难爆","0","0","",""
"第六大陆爆率.txt","通用大怪","403","528888","弑道焚心","难爆","0","0","",""
"第六大陆爆率.txt","通用大怪","404","528888","万劫归墟","难爆","0","0","",""
"第六大陆爆率.txt","通用大怪","405","528888","鸿蒙初判","难爆","0","0","",""
"第四大陆爆率.txt","通用","3","1","元宝[5]","好爆","0","0","",""
"第四大陆爆率.txt","通用","4","2","元宝[5]","好爆","0","0","",""
"第四大陆爆率.txt","通用","5","2","元宝[5]","好爆","0","0","",""
"第四大陆爆率.txt","通用","7","1","金币(小)","好爆","0","0","",""
"第四大陆爆率.txt","通用","8","10","金币(小)","好爆","0","0","",""
"第四大陆爆率.txt","通用","9","15","金币(小)","好爆","0","0","",""
"第四大陆爆率.txt","通用","10","45","金币(中)","好爆","0","0","",""
"第四大陆爆率.txt","通用","11","688","金币(大)","一般","0","0","",""
"第四大陆爆率.txt","通用","76","388","女儿红","一般","0","0","",""
"第四大陆爆率.txt","通用","77","388","莲花白","一般","0","0","",""
"第四大陆爆率.txt","通用","78","188","竹叶青","一般","0","0","",""
"第四大陆爆率.txt","通用","79","188","百花酿","一般","0","0","",""
"第四大陆爆率.txt","通用","80","188","八仙醉","一般","0","0","",""
"第四大陆爆率.txt","通用","82","8888","幻灵石","难爆","0","0","",""
"第四大陆爆率.txt","通用","85","528888","月如歌","难爆","0","0","",""
"第四大陆爆率.txt","通用","86","528888","月中寒","难爆","0","0","",""
"第四大陆爆率.txt","通用","87","528888","弑道焚心","难爆","0","0","",""
"第四大陆爆率.txt","通用","88","528888","万劫归墟","难爆","0","0","",""
"第四大陆爆率.txt","通用","89","528888","鸿蒙初判","难爆","0","0","",""
"第四大陆爆率.txt","通用","93","188888","堕落圣歌","有条件的爆","1","1","U225 > 1000",""
"第四大陆爆率.txt","通用","95","8888","混沌之种","难爆","0","0","",""
"第四大陆爆率.txt","通用","96","8888","亡者契约","难爆","0","0","",""
"第四大陆爆率.txt","通用","97","8888","血月残魂","难爆","0","0","",""
"第四大陆爆率.txt","通用","98","8888","深渊低语","难爆","0","0","",""
"第四大陆爆率.txt","通用","99","8888","狂风之力","难爆","0","0","",""
"第四大陆爆率.txt","通用","100","8888","霸天震九州","难爆","0","0","",""
"第四大陆爆率.txt","通用","101","488888","虚空回响","难爆","0","0","",""
"第四大陆爆率.txt","通用","102","42888","永夜诅咒","难爆","0","0","",""
"第四大陆爆率.txt","通用","103","42888","噬魂之镰影","难爆","0","0","",""
"第四大陆爆率.txt","通用","104","42888","暗影囚笼","难爆","0","0","",""
"第四大陆爆率.txt","通用","105","188","黑日","一般","0","0","",""
"第四大陆爆率.txt","通用","106","188","不朽","一般","0","0","",""
"第四大陆爆率.txt","通用","107","188","血系结罗","一般","0","0","",""
"第四大陆爆率.txt","通用","108","188","湿婆业舞","一般","0","0","",""
"第四大陆爆率.txt","通用","109","188","王权","一般","0","0","",""
"第四大陆爆率.txt","通用","110","188","君焰","一般","0","0","",""
"第四大陆爆率.txt","通用","111","288","风王之瞳","一般","0","0","",""
"第四大陆爆率.txt","通用","112","288","轮回之力","一般","0","0","",""
"第四大陆爆率.txt","通用","113","288","自闭圆顿裹","一般","0","0","",""
"第四大陆爆率.txt","通用","114","288","怠惰の罪","一般","0","0","",""
"第四大陆爆率.txt","通用","115","688","弑序亲王","一般","0","0","",""
"第四大陆爆率.txt","通用","116","688","命运之轮","一般","0","0","",""
"第四大陆爆率.txt","通用","117","688","星空·道极","一般","0","0","",""
"第四大陆爆率.txt","通用","118","688","死之藤蔓","一般","0","0","",""
"第四大陆爆率.txt","通用","119","688","流明","一般","0","0","",""
"第四大陆爆率.txt","通用","120","688","旧日支配者","一般","0","0","",""
"第四大陆爆率.txt","通用","121","988","耶梦加得","一般","0","0","",""
"第四大陆爆率.txt","通用","122","988","尼德霍格","一般","0","0","",""
"第四大陆爆率.txt","通用","123","988","血の恩赐","一般","0","0","",""
"第四大陆爆率.txt","通用","124","988","黑炎牢狱","一般","0","0","",""
"第四大陆爆率.txt","通用","125","1588","星辰神器","难爆","0","0","",""
"第四大陆爆率.txt","通用","126","1588","此下众生","难爆","0","0","",""
"第四大陆爆率.txt","通用","127","1588","此上无人","难爆","0","0","",""
"第四大陆爆率.txt","通用","128","1588","烟雨醉浮生","难爆","0","0","",""
"第四大陆爆率.txt","通用","129","1588","落花三千","难爆","0","0","",""
"第四大陆爆率.txt","通用","130","1588","流水无情","难爆","0","0","",""
"第四大陆爆率.txt","通用","131","2588","世界树灵枝","难爆","0","0","",""
"第四大陆爆率.txt","通用","132","2588","午夜虹吸","难爆","0","0","",""
"第四大陆爆率.txt","通用","133","2588","王之蔑视","难爆","0","0","",""
"第四大陆爆率.txt","通用","134","2588","特修斯の魔","难爆","0","0","",""
"第四大陆爆率.txt","通用","135","388","狂·崆峒靴子","一般","0","0","",""
"第四大陆爆率.txt","通用","136","388","狂·崆峒腰带","一般","0","0","",""
"第四大陆爆率.txt","通用","137","388","狂·崆峒戒指","一般","0","0","",""
"第四大陆爆率.txt","通用","138","388","狂·崆峒手镯","一般","0","0","",""
"第四大陆爆率.txt","通用","139","388","狂·崆峒项链","一般","0","0","",""
"第四大陆爆率.txt","通用","140","388","狂·崆峒头盔","一般","0","0","",""
"第四大陆爆率.txt","通用","141","1288","暴·乾坤靴子","难爆","0","0","",""
"第四大陆爆率.txt","通用","142","1288","暴·乾坤腰带","难爆","0","0","",""
"第四大陆爆率.txt","通用","143","1288","暴·乾坤戒指","难爆","0","0","",""
"第四大陆爆率.txt","通用","144","1288","暴·乾坤手镯","难爆","0","0","",""
"第四大陆爆率.txt","通用","145","1288","暴·乾坤项链","难爆","0","0","",""
"第四大陆爆率.txt","通用","146","1288","暴·乾坤头盔","难爆","0","0","",""
"第四大陆爆率.txt","通用","147","3888","神·神龙靴子","难爆","0","0","",""
"第四大陆爆率.txt","通用","148","3888","神·神龙腰带","难爆","0","0","",""
"第四大陆爆率.txt","通用","149","3888","神·神龙戒指","难爆","0","0","",""
"第四大陆爆率.txt","通用","150","3888","神·神龙手镯","难爆","0","0","",""
"第四大陆爆率.txt","通用","151","3888","神·神龙项链","难爆","0","0","",""
"第四大陆爆率.txt","通用","152","3888","神·神龙头盔","难爆","0","0","",""
"第四大陆爆率.txt","通用","153","2555","雷霆幻","难爆","0","0","",""
"第四大陆爆率.txt","通用","154","2555","龙鳞震岳","难爆","0","0","",""
"第四大陆爆率.txt","通用","155","2555","啸风逐电","难爆","0","0","",""
"第四大陆爆率.txt","通用","156","2555","天罚雷击","难爆","0","0","",""
"第四大陆爆率.txt","通用","157","2555","烈焰焚天","难爆","0","0","",""
"第四大陆爆率.txt","通用","158","2555","霜雪之间","难爆","0","0","",""
"第四大陆爆率.txt","通用","159","1088","雪隐残锋","难爆","0","0","",""
"第四大陆爆率.txt","通用","160","1088","惊雷震世","难爆","0","0","",""
"第四大陆爆率.txt","通用","161","1088","烬海残光","难爆","0","0","",""
"第四大陆爆率.txt","通用","162","1088","苍穹寂灭","难爆","0","0","",""
"第四大陆爆率.txt","通用","163","1088","月华流影","难爆","0","0","",""
"第四大陆爆率.txt","通用","164","1088","傲霜孤","难爆","0","0","",""
"第四大陆爆率.txt","通用","165","1088","炽焰护腕","难爆","0","0","",""
"第四大陆爆率.txt","通用","166","1088","烈焰指环","难爆","0","0","",""
"第四大陆爆率.txt","通用","167","1088","王权圣戒","难爆","0","0","",""
"第四大陆爆率.txt","通用","168","1088","龙魂吊坠","难爆","0","0","",""
"第四大陆爆率.txt","通用","209","8988888","神农百草令","有条件的爆","1","1","U225 > 2000",""
"第四大陆爆率.txt","通用","210","8988888","伏羲八卦印","有条件的爆","1","1","U225 > 2000",""
"第四大陆爆率.txt","通用","211","8988888","女娲补天石","有条件的爆","1","1","U225 > 2000",""
"第四大陆爆率.txt","通用","212","8988888","盘古遗泽","有条件的爆","1","1","U225 > 2000",""
"第四大陆爆率.txt","通用","213","8988888","先天一气","有条件的爆","1","1","U225 > 2000",""
"第四大陆爆率.txt","通用","214","8988888","太初灵韵","有条件的爆","1","1","U225 > 2000",""
"第四大陆爆率.txt","通用","241","100","修为丹（小）","好爆","0","0","",""
"第四大陆爆率.txt","通用","242","1000","修为丹（大）","一般","0","0","",""
"第四大陆爆率.txt","通用","243","188","高阶强化石","一般","0","0","",""
"第四大陆爆率.txt","通用","244","300","五行石","一般","0","0","",""
"第四大陆爆率.txt","通用","245","200","杀伐神石[小]|@bl_zyjhl5","有条件的爆","1","0","","bl_zyjhl5"
"第四大陆爆率.txt","通用","246","1555","杀伐神石[大]|@bl_zyjhl5","有条件的爆","1","0","","bl_zyjhl5"
"第四大陆爆率.txt","通用","247","138","称号卷轴","一般","0","0","",""
"第四大陆爆率.txt","通用","248","588","神石宝箱","一般","0","0","",""
"第四大陆爆率.txt","通用","249","888","藏宝图碎片","一般","0","0","",""
"第四大陆爆率.txt","通用","250","588","妖怪精魄","一般","0","0","",""
"第四大陆爆率.txt","通用","251","1500","【未鉴定】玉盘","难爆","0","0","",""
"第四大陆爆率.txt","通用","252","1500","【未鉴定】扳指","难爆","0","0","",""
"第四大陆爆率.txt","通用","253","1500","【未鉴定】金樽","难爆","0","0","",""
"第四大陆爆率.txt","通用","254","1500","【未鉴定】青瓷","难爆","0","0","",""
"第四大陆爆率.txt","通用","255","1500","【未鉴定】折扇","难爆","0","0","",""
"第四大陆爆率.txt","通用","256","1500","【未鉴定】古币","难爆","0","0","",""
"第四大陆爆率.txt","通用","257","188","鉴定镜","一般","0","0","",""
"第四大陆爆率.txt","通用","258","300","酒糟","一般","0","0","",""
"第四大陆爆率.txt","通用","264","88","书页","好爆","0","0","",""
"第四大陆爆率.txt","通用小怪","271","288888","忘川渡魂","有条件的爆","1","1","U225 > 1000",""
"第四大陆爆率.txt","通用小怪","274","6888","地狱火","难爆","0","0","",""
"第四大陆爆率.txt","通用小怪","275","6888","破天魂","难爆","0","0","",""
"第四大陆爆率.txt","通用小怪","276","15888","灭道焚天","难爆","0","0","",""
"第四大陆爆率.txt","通用小怪","277","22888","镇狱封魔","难爆","0","0","",""
"第四大陆爆率.txt","通用小怪","278","22888","破界诛邪","难爆","0","0","",""
"第四大陆爆率.txt","通用小怪","279","288888","三生石影","难爆","0","0","",""
"第四大陆爆率.txt","通用中怪","288","128888","碎穹裂宇","有条件的爆","1","1","U225 > 1000",""
"第四大陆爆率.txt","通用中怪","291","4888","无尽征伐","难爆","0","0","",""
"第四大陆爆率.txt","通用中怪","292","4888","焚天战旗","难爆","0","0","",""
"第四大陆爆率.txt","通用中怪","293","4888","逆命玉","难爆","0","0","",""
"第四大陆爆率.txt","通用中怪","294","4888","焚天令","难爆","0","0","",""
"第四大陆爆率.txt","通用中怪","295","4888","霸者傲天下","难爆","0","0","",""
"第四大陆爆率.txt","通用中怪","296","4888","飞龙在天","难爆","0","0","",""
"第四大陆爆率.txt","通用中怪","297","4888","傲骨豪","难爆","0","0","",""
"第四大陆爆率.txt","通用中怪","298","4888","死亡彗星","难爆","0","0","",""
"第四大陆爆率.txt","通用中怪","300","48888","傲骨豪","难爆","0","0","",""
"第四大陆爆率.txt","通用中怪","301","48888","太虚真意","难爆","0","0","",""
"第四大陆爆率.txt","通用中怪","302","48888","诸神黄昏令","难爆","0","0","",""
"第四大陆爆率.txt","通用中怪","303","160000","灵犀一点","难爆","0","0","",""
"第四大陆爆率.txt","通用大怪","310","5","元宝[100]","好爆","0","0","",""
"第四大陆爆率.txt","通用大怪","311","1","金币(小)","好爆","0","0","",""
"第四大陆爆率.txt","通用大怪","312","3","金币(小)","好爆","0","0","",""
"第四大陆爆率.txt","通用大怪","313","5","金币(中)","好爆","0","0","",""
"第四大陆爆率.txt","通用大怪","316","5","元宝[20]","好爆","0","0","",""
"第四大陆爆率.txt","通用大怪","317","1","金币(小)","好爆","0","0","",""
"第四大陆爆率.txt","通用大怪","318","3","金币(小)","好爆","0","0","",""
"第四大陆爆率.txt","通用大怪","319","5","金币(中)","好爆","0","0","",""
"第四大陆爆率.txt","通用大怪","323","1","天工之锤","好爆","0","0","",""
"第四大陆爆率.txt","通用大怪","324","1","焚天石","好爆","0","0","",""
"第四大陆爆率.txt","通用大怪","325","1","天工之锤","好爆","0","0","",""
"第四大陆爆率.txt","通用大怪","326","1","焚天石","好爆","0","0","",""
"第四大陆爆率.txt","通用大怪","327","1","天工之锤","好爆","0","0","",""
"第四大陆爆率.txt","通用大怪","328","1","焚天石","好爆","0","0","",""
"第四大陆爆率.txt","通用大怪","329","1","天工之锤","好爆","0","0","",""
"第四大陆爆率.txt","通用大怪","330","1","焚天石","好爆","0","0","",""
"第四大陆爆率.txt","通用大怪","331","1","天工之锤","好爆","0","0","",""
"第四大陆爆率.txt","通用大怪","332","1","焚天石","好爆","0","0","",""
"第四大陆爆率.txt","通用大怪","333","1","天工之锤","好爆","0","0","",""
"第四大陆爆率.txt","通用大怪","334","1","焚天石","好爆","0","0","",""
"第四大陆爆率.txt","通用大怪","335","1","天工之锤","好爆","0","0","",""
"第四大陆爆率.txt","通用大怪","336","1","焚天石","好爆","0","0","",""
"第四大陆爆率.txt","通用大怪","337","1","天工之锤","好爆","0","0","",""
"第四大陆爆率.txt","通用大怪","338","1","焚天石","好爆","0","0","",""
"第四大陆爆率.txt","通用大怪","339","33","幻灵水晶","好爆","0","0","",""
"第四大陆爆率.txt","通用大怪","340","1888","幻灵石","难爆","0","0","",""
"第四大陆爆率.txt","通用大怪","342","2088888","道陨","难爆","0","0","",""
"第四大陆爆率.txt","通用大怪","347","328888","一苇渡江","有条件的爆","1","1","U225 > 1000",""
"第四大陆爆率.txt","通用大怪","350","40888","裂穹","难爆","0","0","",""
"第四大陆爆率.txt","通用大怪","351","40888","长生","难爆","0","0","",""
"第四大陆爆率.txt","通用大怪","352","40888","七日杀","难爆","0","0","",""
"第四大陆爆率.txt","通用大怪","353","40888","弑道","难爆","0","0","",""
"第四大陆爆率.txt","通用大怪","356","126888","千山暮雪","难爆","0","0","",""
"第四大陆爆率.txt","通用大怪","357","68888","月落乌啼","难爆","0","0","",""
"第四大陆爆率.txt","通用大怪","358","68888","星垂平野","难爆","0","0","",""
"第四大陆爆率.txt","通用大怪","359","68888","流霞醉客","难爆","0","0","",""
